F,dF,seq
-0.773028187,0.963620508,KFRHSGYVHHQKVFFADVGS
-0.172021495,0.065502862,TFRHSGYVHHQKVFFADVGS
-2.697273832,0.489816898,IFRHSGYVHHQKVFFADVGS
-0.131344862,0.085849647,PFRHSGYVHHQKVFFADVGS
-0.672862387,0.071714048,EFRHSGYVHHQKVFFADVGS
-0.300830437,0.289726837,DFRHSGYVHHQKVFFADVGS
-0.550289621,0.451542329,ANRHSGYVHHQKVFFADVGS
-0.547748713,0.368868802,ATRHSGYVHHQKVFFADVGS
-0.410450037,0.064913482,AIRHSGYVHHQKVFFADVGS
-0.824367122,0.424035022,AHRHSGYVHHQKVFFADVGS
-0.531020608,0.455254159,APRHSGYVHHQKVFFADVGS
-0.650691015,0.044200941,ALRHSGYVHHQKVFFADVGS
-0.354316402,0.108373861,AVRHSGYVHHQKVFFADVGS
-1.182646945,1.138130493,A*RHSGYVHHQKVFFADVGS
-0.148149414,0.061754364,AYRHSGYVHHQKVFFADVGS
-0.437675826,0.060500428,ASRHSGYVHHQKVFFADVGS
-0.463771395,0.109628772,ACRHSGYVHHQKVFFADVGS
0.014740905,0.58723072,AFKHSGYVHHQKVFFADVGS
-3.322770837,1.193501259,AFTHSGYVHHQKVFFADVGS
-1.330257461,0.333840079,AFSHSGYVHHQKVFFADVGS
-0.846089057,0.395361265,AFIHSGYVHHQKVFFADVGS
-0.515853753,0.06645628,AFQHSGYVHHQKVFFADVGS
-0.408329956,0.339116194,AFHHSGYVHHQKVFFADVGS
-0.56482038,0.094786466,AFPHSGYVHHQKVFFADVGS
-1.990056228,0.868307355,AFRKSGYVHHQKVFFADVGS
-0.222540745,0.135115708,AFRNSGYVHHQKVFFADVGS
-0.531002513,0.950991916,AFRSSGYVHHQKVFFADVGS
-0.564898422,0.62545356,AFRISGYVHHQKVFFADVGS
-0.254187786,0.051904521,AFRQSGYVHHQKVFFADVGS
-1.241947289,1.297498549,AFRHKGYVHHQKVFFADVGS
-0.15183157,0.06679823,AFRHTGYVHHQKVFFADVGS
-0.69254155,0.667994358,AFRHIGYVHHQKVFFADVGS
0.006871533,0.06979891,AFRHPGYVHHQKVFFADVGS
-0.440895809,0.082103326,AFRHLGYVHHQKVFFADVGS
0.078119687,0.104665625,AFRHAGYVHHQKVFFADVGS
-2.505275132,0.085168714,AFRH*GYVHHQKVFFADVGS
0.357294326,0.487034309,AFRHYGYVHHQKVFFADVGS
0.337681847,0.063560872,AFRHSRYVHHQKVFFADVGS
-2.258320215,0.913081029,AFRHSSYVHHQKVFFADVGS
-0.814406057,0.076926893,AFRHSEYVHHQKVFFADVGS
-0.401728325,0.495853605,AFRHSDYVHHQKVFFADVGS
-0.149961608,0.09962791,AFRHSAYVHHQKVFFADVGS
0.266065865,0.436101811,AFRHSGKVHHQKVFFADVGS
-0.005885074,0.067924569,AFRHSGNVHHQKVFFADVGS
-0.066792138,0.12913158,AFRHSGSVHHQKVFFADVGS
-0.240041263,0.344787959,AFRHSGIVHHQKVFFADVGS
-0.074031087,0.534755466,AFRHSGQVHHQKVFFADVGS
0.069614645,0.070745413,AFRHSGHVHHQKVFFADVGS
-0.821635788,0.509171574,AFRHSGRVHHQKVFFADVGS
-2.105383439,0.322318199,AFRHSGLVHHQKVFFADVGS
-0.208486088,0.120207498,AFRHSGDVHHQKVFFADVGS
-3.405180106,0.066220827,AFRHSG*VHHQKVFFADVGS
0.403247848,0.583605514,AFRHSGYNHHQKVFFADVGS
0.618790637,0.499165263,AFRHSGYTHHQKVFFADVGS
-0.152256514,0.071596906,AFRHSGYIHHQKVFFADVGS
-2.419121394,1.328820148,AFRHSGYHHHQKVFFADVGS
-3.044583534,1.470459198,AFRHSGYPHHQKVFFADVGS
-0.478940298,0.090300238,AFRHSGYLHHQKVFFADVGS
-0.276743218,0.321424724,AFRHSGYEHHQKVFFADVGS
-0.13941562,0.064102222,AFRHSGYDHHQKVFFADVGS
0.076335751,0.06497309,AFRHSGYAHHQKVFFADVGS
0.176765564,0.137050249,AFRHSGYGHHQKVFFADVGS
-1.231733288,0.963750144,AFRHSGYVKHQKVFFADVGS
0.749281605,0.123051263,AFRHSGYVNHQKVFFADVGS
-0.676501323,1.226162852,AFRHSGYVSHQKVFFADVGS
0.785260912,0.49602642,AFRHSGYVIHQKVFFADVGS
-0.608996939,0.054883734,AFRHSGYVQHQKVFFADVGS
0.56140497,0.677328632,AFRHSGYVHKQKVFFADVGS
0.077238311,0.079732975,AFRHSGYVHNQKVFFADVGS
-0.721500623,0.703813272,AFRHSGYVHSQKVFFADVGS
1.153705147,0.555366974,AFRHSGYVHIQKVFFADVGS
-0.590608876,0.05704573,AFRHSGYVHQQKVFFADVGS
-0.822473146,0.072991633,AFRHSGYVHHKKVFFADVGS
-0.024558946,0.853397116,AFRHSGYVHHNKVFFADVGS
-1.965889826,0.063325662,AFRHSGYVHHRKVFFADVGS
0.64873116,0.479851226,AFRHSGYVHHIKVFFADVGS
-1.230798884,0.439834374,AFRHSGYVHHQKKFFADVGS
0.050906003,0.404244086,AFRHSGYVHHQKTFFADVGS
0.2125954,0.499890146,AFRHSGYVHHQKIFFADVGS
-0.377228659,0.066361765,AFRHSGYVHHQKMFFADVGS
-1.246787587,0.069908633,AFRHSGYVHHQKLFFADVGS
-0.712312898,0.06231164,AFRHSGYVHHQKEFFADVGS
0.769885342,1.277045731,AFRHSGYVHHQKDFFADVGS
-0.988751086,0.068465326,AFRHSGYVHHQKAFFADVGS
-0.660585065,0.128229193,AFRHSGYVHHQKGFFADVGS
-0.892099202,0.453029794,AFRHSGYVHHQKVNFADVGS
-0.542662113,0.604343712,AFRHSGYVHHQKVTFADVGS
0.967033051,0.059972887,AFRHSGYVHHQKVIFADVGS
-1.177753976,0.650841595,AFRHSGYVHHQKVHFADVGS
-1.92923324,0.704570533,AFRHSGYVHHQKVPFADVGS
-0.180671925,0.043521093,AFRHSGYVHHQKVLFADVGS
0.050164601,0.951747603,AFRHSGYVHHQKVDFADVGS
0.369425118,0.083007073,AFRHSGYVHHQKVVFADVGS
-2.996145747,0.535637354,AFRHSGYVHHQKV*FADVGS
-0.728038323,0.064994622,AFRHSGYVHHQKVYFADVGS
-1.005479432,0.077262409,AFRHSGYVHHQKVSFADVGS
-1.965408607,0.11648499,AFRHSGYVHHQKVCFADVGS
-0.582137448,0.32164793,AFRHSGYVHHQKVFNADVGS
0.395313787,0.324485687,AFRHSGYVHHQKVFTADVGS
-0.541128095,0.106175011,AFRHSGYVHHQKVFSADVGS
0.729106116,0.060189687,AFRHSGYVHHQKVFIADVGS
-0.476182995,0.359134989,AFRHSGYVHHQKVFHADVGS
-1.124411973,0.464422471,AFRHSGYVHHQKVFPADVGS
-1.075932629,0.563978823,AFRHSGYVHHQKVFRADVGS
-0.424673787,0.039391459,AFRHSGYVHHQKVFLADVGS
-2.53165351,1.042880236,AFRHSGYVHHQKVFDADVGS
-0.100394654,0.125597325,AFRHSGYVHHQKVFVADVGS
-3.550520934,0.425754809,AFRHSGYVHHQKVF*ADVGS
-0.126768185,0.059197398,AFRHSGYVHHQKVFYADVGS
-1.539517527,0.089593397,AFRHSGYVHHQKVFCADVGS
-0.58663657,0.067477652,AFRHSGYVHHQKVFFTDVGS
0.606515558,0.552895248,AFRHSGYVHHQKVFFIDVGS
-1.059849941,0.104336971,AFRHSGYVHHQKVFFPDVGS
-1.312322476,0.076095834,AFRHSGYVHHQKVFFEDVGS
-2.107867769,0.595962665,AFRHSGYVHHQKVFFDDVGS
-0.748783399,0.556776249,AFRHSGYVHHQKVFFAKVGS
1.025928507,0.078700904,AFRHSGYVHHQKVFFANVGS
0.047441269,0.523038169,AFRHSGYVHHQKVFFASVGS
-3.872657503,0.812876328,AFRHSGYVHHQKVFFAIVGS
-0.273098371,0.119636319,AFRHSGYVHHQKVFFAHVGS
0.631693399,0.052456431,AFRHSGYVHHQKVFFAEVGS
0.181192156,0.376513883,AFRHSGYVHHQKVFFADKGS
-1.361759738,0.532548351,AFRHSGYVHHQKVFFADTGS
0.845131948,0.653114131,AFRHSGYVHHQKVFFADIGS
0.240979518,0.069827805,AFRHSGYVHHQKVFFADMGS
-0.418398865,0.069117778,AFRHSGYVHHQKVFFADLGS
-0.876502508,0.059883879,AFRHSGYVHHQKVFFADEGS
-1.175551225,0.663409681,AFRHSGYVHHQKVFFADDGS
-0.085449079,0.064309249,AFRHSGYVHHQKVFFADAGS
0.613677194,0.080974434,AFRHSGYVHHQKVFFADGGS
0.078846132,0.403168417,AFRHSGYVHHQKVFFADVNS
-1.93066633,1.286577915,AFRHSGYVHHQKVFFADVTS
0.060791549,0.090501952,AFRHSGYVHHQKVFFADVRS
0.096241719,0.068482346,AFRHSGYVHHQKVFFADVSS
-2.805847069,0.609455048,AFRHSGYVHHQKVFFADVES
-2.000013272,0.07152482,AFRHSGYVHHQKVFFADVDS
-0.538893402,0.097735953,AFRHSGYVHHQKVFFADVAS
-0.824322381,0.60830471,AFRHSGYVHHQKVFFADVGK
-0.086791224,0.058016394,AFRHSGYVHHQKVFFADVGT
-1.260850981,0.704110457,AFRHSGYVHHQKVFFADVGR
-0.136203086,0.363385204,AFRHSGYVHHQKVFFADVGI
0.222790159,0.424902307,AFRHSGYVHHQKVFFADVGQ
-2.242702666,0.062650952,AFRHSGYVHHQKVFFADVGP
0.032980146,0.074124111,AFRHSGYVHHQKVFFADVGL
-0.391315482,0.097854945,AFRHSGYVHHQKVFFADVGA
0.921193115,0.769860432,AFRHSGYVHHQKVFFADVGV
-2.833342242,0.071283056,AFRHSGYVHHQKVFFADVG*
-0.382830628,0.346658964,AFRHSGYVHHQKVFFADVGY
-1.161418686,1.294657149,AFRHSGYVHHQKVFFADVGC
-0.769685724,0.398952755,AFRHSGYVHHQKVFFADVGF
-0.047308514,0.119171221,AFRHSGYVHHQKVFFADVVS
-1.614179258,0.625436062,AFRHSGYVHHQKVFFADVYS
-1.910021527,0.441522545,AFRHSGYVHHQKVFFADV*S
-0.436080791,0.064226894,AFRHSGYVHHQKVFFADVCS
-4.439293318,1.971228608,AFRHSGYVHHQKVFFADVWS
-1.548223476,0.757552809,AFRHSGYVHHQKVFFADVFS
-2.962633721,0.794114829,AFRHSGYVHHQKVFFAD*GS
-0.851100583,0.603159744,AFRHSGYVHHQKVFFADSGS
-4.629113558,1.678873562,AFRHSGYVHHQKVFFADWGS
-1.165830097,0.133969058,AFRHSGYVHHQKVFFAAVGS
0.902608793,0.069057384,AFRHSGYVHHQKVFFAGVGS
-2.819300844,0.076184244,AFRHSGYVHHQKVFFAVVGS
-2.780384089,0.089465586,AFRHSGYVHHQKVFFAYVGS
-1.99917946,0.686894185,AFRHSGYVHHQKVFFACVGS
-4.796501042,1.228100662,AFRHSGYVHHQKVFFAFVGS
0.136490685,0.087650363,AFRHSGYVHHQKVFFGDVGS
0.55097697,0.06912472,AFRHSGYVHHQKVFFVDVGS
-0.687335965,0.08912422,AFRHSGYVHHQKVFFSDVGS
-2.908363154,0.825873883,AFRHSGYVHHQK*FFADVGS
0.587873199,0.055563893,AFRHSGYVHHQNVFFADVGS
0.900871488,0.088002968,AFRHSGYVHHQTVFFADVGS
-0.509966355,0.066135427,AFRHSGYVHHQRVFFADVGS
-0.043863878,0.490698533,AFRHSGYVHHQSVFFADVGS
-1.971473612,0.066016479,AFRHSGYVHHQIVFFADVGS
-2.112961785,0.590767804,AFRHSGYVHHQMVFFADVGS
0.025258925,0.086601135,AFRHSGYVHHQQVFFADVGS
-0.242748521,0.831089822,AFRHSGYVHHQHVFFADVGS
-1.737412537,0.499468279,AFRHSGYVHHQLVFFADVGS
-1.193440312,0.064105551,AFRHSGYVHHQEVFFADVGS
-1.670166175,0.49302766,AFRHSGYVHHQDVFFADVGS
-0.72077396,0.416472581,AFRHSGYVHHQGVFFADVGS
-1.075587823,0.534563717,AFRHSGYVHHQVVFFADVGS
-3.984054425,0.072748377,AFRHSGYVHHQ*VFFADVGS
-0.053712123,0.564479874,AFRHSGYVHHQYVFFADVGS
0.366726873,0.051580637,AFRHSGYVHHHKVFFADVGS
1.236964877,0.083987378,AFRHSGYVHHPKVFFADVGS
0.061920961,0.059649742,AFRHSGYVHHLKVFFADVGS
-0.644119251,0.112668389,AFRHSGYVHHEKVFFADVGS
-2.742657173,1.346237411,AFRHSGYVHHDKVFFADVGS
-2.383145538,0.087277014,AFRHSGYVHH*KVFFADVGS
-1.6761434,0.983695195,AFRHSGYVHHYKVFFADVGS
0.577413509,0.138355865,AFRHSGYVHPQKVFFADVGS
-0.493421874,0.063657253,AFRHSGYVHRQKVFFADVGS
-0.153573606,0.061171389,AFRHSGYVHLQKVFFADVGS
-0.710497216,0.117505872,AFRHSGYVHDQKVFFADVGS
-3.716785355,1.361064386,AFRHSGYVH*QKVFFADVGS
-0.595166548,0.124510381,AFRHSGYVHYQKVFFADVGS
-0.835477024,0.555781449,AFRHSGYVHCQKVFFADVGS
0.69044873,0.111662849,AFRHSGYVPHQKVFFADVGS
-0.205583721,0.06301135,AFRHSGYVRHQKVFFADVGS
-0.820666833,0.062923377,AFRHSGYVLHQKVFFADVGS
-1.026423143,0.137927369,AFRHSGYVDHQKVFFADVGS
-2.787000202,0.949421228,AFRHSGYV*HQKVFFADVGS
0.675901499,0.078789012,AFRHSGYVYHQKVFFADVGS
0.204387047,0.574513835,AFRHSGYVCHQKVFFADVGS
0.37859923,0.616018321,AFRHSGYVFHQKVFFADVGS
-1.363055271,0.544735893,AFRHSGYYHHQKVFFADVGS
-0.570309922,0.556238901,AFRHSGYSHHQKVFFADVGS
-0.009055991,0.127841613,AFRHSGYFHHQKVFFADVGS
-0.15259227,0.068358934,AFRHSGCVHHQKVFFADVGS
-0.073182079,0.066624948,AFRHSGFVHHQKVFFADVGS
-0.233316884,0.07596428,AFRHSVYVHHQKVFFADVGS
-3.16290074,0.072016371,AFRHS*YVHHQKVFFADVGS
0.023445785,0.430649055,AFRHSWYVHHQKVFFADVGS
-0.119991749,0.360830877,AFRHSCYVHHQKVFFADVGS
-1.019382036,0.6341184,AFRHSLYVHHQKVFFADVGS
0.597707807,0.766484746,AFRHFGYVHHQKVFFADVGS
-0.33060411,0.145921917,AFRPSGYVHHQKVFFADVGS
0.116280729,0.061507911,AFRRSGYVHHQKVFFADVGS
-1.317495505,0.060918991,AFRLSGYVHHQKVFFADVGS
-2.182229222,0.903802822,AFRESGYVHHQKVFFADVGS
-0.677275553,0.093422547,AFRDSGYVHHQKVFFADVGS
-3.562129729,0.704923755,AFR*SGYVHHQKVFFADVGS
-0.348757779,0.071932219,AFRYSGYVHHQKVFFADVGS
-1.022535495,0.490928167,AFRCSGYVHHQKVFFADVGS
-1.310450498,0.604717248,AFRFSGYVHHQKVFFADVGS
-0.903720687,0.064700672,AFLHSGYVHHQKVFFADVGS
-0.556560489,0.093984279,AFGHSGYVHHQKVFFADVGS
-2.80895955,0.12337269,AF*HSGYVHHQKVFFADVGS
-0.359107885,0.47845993,AFWHSGYVHHQKVFFADVGS
-1.24453477,0.511280387,AFCHSGYVHHQKVFFADVGS
-0.035591219,0.099300006,GFRHSGYVHHQKVFFADVGS
-1.275390202,0.064776358,VFRHSGYVHHQKVFFADVGS
-0.171699098,0.072015634,SFRHSGYVHHQKVFFADVGS
-1.577991132,0.680713112,LFRHSGYVHHQKVFFADVGS
