KKGAIIGLMVGGVVIA,-2.82716689997003
NKNAIIGLMVGGVVIA,-3.02577793152157
NKRAIIGLMVGGVVIA,-3.2789538903586
NKSAIIGLMVGGVVIA,-2.03243819069128
NKEAIIGLMVGGVVIA,-3.1650315411654
NKDAIIGLMVGGVVIA,-3.18654794693329
NKAAIIGLMVGGVVIA,-1.77993235827001
NKGTIIGLMVGGVVIA,1.06566775689863
NKGIIIGLMVGGVVIA,1.56227756610393
NKGPIIGLMVGGVVIA,-0.619711653462867
NKGEIIGLMVGGVVIA,-3.44218605833041
NKGDIIGLMVGGVVIA,-3.64009379369944
NKGAKIGLMVGGVVIA,-3.22801186376795
NKGANIGLMVGGVVIA,-1.39739741937233
NKGATIGLMVGGVVIA,-0.641136060584877
NKGASIGLMVGGVVIA,-1.97500600777644
NKGAIKGLMVGGVVIA,-3.45989438823313
NKGAINGLMVGGVVIA,-3.38980848495283
NKGAITGLMVGGVVIA,-3.38199354410357
NKGAISGLMVGGVVIA,-3.53968836711902
NKGAIMGLMVGGVVIA,-3.83334961960335
NKGAIIKLMVGGVVIA,-0.650592497304483
NKGAIIRLMVGGVVIA,-2.90567450139149
NKGAIISLMVGGVVIA,-2.35714234384404
NKGAIIELMVGGVVIA,-2.9514176472226
NKGAIIDLMVGGVVIA,-2.93010990944134
NKGAIIALMVGGVVIA,-2.70934597270759
NKGAIIGNMVGGVVIA,-3.47867485735009
NKGAIIGTMVGGVVIA,-1.25916871944732
NKGAIIGIMVGGVVIA,1.10002744639918
NKGAIIGQMVGGVVIA,-2.1612073737043
NKGAIIGHMVGGVVIA,-2.87017886039943
NKGAIIGPMVGGVVIA,-2.75864922211084
NKGAIIGRMVGGVVIA,-3.35041546707277
NKGAIIGLKVGGVVIA,-3.82260176381599
NKGAIIGLNVGGVVIA,-2.83399514103917
NKGAIIGLTVGGVVIA,-3.34265847165154
NKGAIIGLRVGGVVIA,-3.07191645088573
NKGAIIGLIVGGVVIA,-1.97310041533968
NKGAIIGLMKGGVVIA,-3.60977544584361
NKGAIIGLMTGGVVIA,-1.18070333102031
NKGAIIGLMIGGVVIA,0.370787930301079
NKGAIIGLMMGGVVIA,0.0588511692483589
NKGAIIGLMQGGVVIA,-3.55851009643441
NKGAIIGLMLGGVVIA,0.635695520219819
NKGAIIGLMEGGVVIA,-2.92544896470723
NKGAIIGLMDGGVVIA,-3.74741971173899
NKGAIIGLMAGGVVIA,-1.84272412312087
NKGAIIGLMGGGVVIA,-2.46052840624063
NKGAIIGLMVNGVVIA,-3.12969973716327
NKGAIIGLMVRGVVIA,-3.22606820497181
NKGAIIGLMVSGVVIA,-1.48953593694488
NKGAIIGLMVIGVVIA,-3.56559258874853
NKGAIIGLMVEGVVIA,-3.1370791308742
NKGAIIGLMVDGVVIA,-3.10804924180429
NKGAIIGLMVAGVVIA,-2.82775064934461
NKGAIIGLMVGNVVIA,-1.40098829810368
NKGAIIGLMVGRVVIA,-3.20625155774618
NKGAIIGLMVGSVVIA,-2.39484790567465
NKGAIIGLMVGLVVIA,-4.53558749959454
NKGAIIGLMVGEVVIA,-3.52992841446691
NKGAIIGLMVGDVVIA,-2.17822133334311
NKGAIIGLMVGAVVIA,-3.64852089624761
NKGAIIGLMVGGNVIA,-1.95024106475578
NKGAIIGLMVGGTVIA,-1.58167784611472
NKGAIIGLMVGGIVIA,0.111546888612296
NKGAIIGLMVGGLVIA,-1.60779514370009
NKGAIIGLMVGGEVIA,-3.91714968516872
NKGAIIGLMVGGDVIA,-3.84710575783779
NKGAIIGLMVGGAVIA,-2.97664495141714
NKGAIIGLMVGGGVIA,-4.35696571673843
NKGAIIGLMVGGVNIA,-3.59586861580964
NKGAIIGLMVGGVTIA,-3.44290822258237
NKGAIIGLMVGGVIIA,-1.42831021887348
NKGAIIGLMVGGVLIA,-2.52282223657428
NKGAIIGLMVGGVEIA,-4.66379144998727
NKGAIIGLMVGGVDIA,-3.37304827106394
NKGAIIGLMVGGVAIA,-3.17987100877686
NKGAIIGLMVGGVGIA,-3.50755483911381
NKGAIIGLMVGGVVKA,-3.05937029088188
NKGAIIGLMVGGVVNA,-1.43976522652013
NKGAIIGLMVGGVVTA,-3.27246882714939
NKGAIIGLMVGGVVRA,-3.29438868951438
NKGAIIGLMVGGVVIT,0.505979769943323
NKGAIIGLMVGGVVIM,0.591260599042149
NKGAIIGLMVGGVVIP,-2.32494997346994
NKGAIIGLMVGGVVIE,-2.87764234808689
NKGAIIGLMVGGVVIG,-1.97003895715062
NKGAIIGLMVGGVVIV,0.461437362999708
NKGAIIGLMVGGVVIS,-0.192408556898931
NKGAIIGLMVGGVVIL,0.982336793399524
NKGAIIGLMVGGVVMA,-1.91723416664429
NKGAIIGLMVGGVVQA,-3.7956090193505
NKGAIIGLMVGGVVLA,-1.70526181325904
NKGAIIGLMVGGVVEA,-4.39953864065899
NKGAIIGLMVGGVVAA,-3.78421439093961
NKGAIIGLMVGGVVVA,-2.2826704372129
NKGAIIGLMVGGVVSA,-4.16458503319162
NKGAIIGLMVGGVVFA,0.622472119939255
NKGAIIGLMVGGVYIA,-1.95391955746718
NKGAIIGLMVGGVSIA,-2.9563009512312
NKGAIIGLMVGGVFIA,-2.0921754484209
NKGAIIGLMVGGYVIA,-3.02895532920674
NKGAIIGLMVGGSVIA,-4.95321988048287
NKGAIIGLMVGGFVIA,-2.28538558736264
NKGAIIGLMVGVVVIA,-2.80953807974215
NKGAIIGLMVGYVVIA,-3.10128462618841
NKGAIIGLMVGCVVIA,-0.789381616808558
NKGAIIGLMVGFVVIA,-1.20323737268826
NKGAIIGLMVVGVVIA,-2.78125603955012
NKGAIIGLMVYGVVIA,-3.6399773117845
NKGAIIGLMVCGVVIA,-0.808935153528856
NKGAIIGLMVFGVVIA,-1.50299953713012
NKGAIIGLMSGGVVIA,-1.99005622799011
NKGAIIGLMWGGVVIA,-4.38178792732077
NKGAIIGLLVGGVVIA,-2.92076165688421
NKGAIIGLEVGGVVIA,-4.76460989593203
NKGAIIGLAVGGVVIA,-3.76042993098354
NKGAIIGLVVGGVVIA,-1.6188159683839
NKGAIIGLSVGGVVIA,-3.96664334954562
NKGAIIGLFVGGVVIA,-3.34919960004405
NKGAIIGDMVGGVVIA,-3.80220017603627
NKGAIIGVMVGGVVIA,0.686665601067164
NKGAIIGYMVGGVVIA,-2.78696382726877
NKGAIIGSMVGGVVIA,-3.8970294240329
NKGAIIGCMVGGVVIA,-2.1629621069533
NKGAIIGFMVGGVVIA,-0.751523765689708
NKGAIIVLMVGGVVIA,-2.74822330235139
NKGAIIWLMVGGVVIA,-3.27650657376791
NKGAIICLMVGGVVIA,-3.83147654498342
NKGAIHGLMVGGVVIA,-4.40132388958964
NKGAILGLMVGGVVIA,-3.12367111451363
NKGAIDGLMVGGVVIA,-2.86317279667995
NKGAIAGLMVGGVVIA,-3.35115629865844
NKGAIVGLMVGGVVIA,-1.79827909163557
NKGAIYGLMVGGVVIA,-4.84585231174253
NKGAIFGLMVGGVVIA,-2.78149490690911
NKGAMIGLMVGGVVIA,-1.41177449982249
NKGALIGLMVGGVVIA,-3.49621390080745
NKGADIGLMVGGVVIA,-3.85025576587277
NKGAAIGLMVGGVVIA,-2.91600087477315
NKGAVIGLMVGGVVIA,-1.15720365516169
NKGAYIGLMVGGVVIA,-1.38856094820449
NKGAFIGLMVGGVVIA,-1.6711083507206
NKGGIIGLMVGGVVIA,-0.0048759424988232
NKGVIIGLMVGGVVIA,1.66654293021784
NKGSIIGLMVGGVVIA,-2.53563362958026
NKGLIIGLMVGGVVIA,-1.16290805779325
NKVAIIGLMVGGVVIA,0.78692658260782
NKYAIIGLMVGGVVIA,-4.66424481137276
NKCAIIGLMVGGVVIA,-0.740267294044286
NNGAIIGLMVGGVVIA,-0.0847619197360214
NTGAIIGLMVGGVVIA,-0.797115293096785
NRGAIIGLMVGGVVIA,-0.656470804913932
NSGAIIGLMVGGVVIA,-1.15367285571497
NIGAIIGLMVGGVVIA,-1.28871385885638
NMGAIIGLMVGGVVIA,-2.46995415316084
NQGAIIGLMVGGVVIA,-0.351996256343374
NHGAIIGLMVGGVVIA,-0.447601136114936
NEGAIIGLMVGGVVIA,-2.28782890305855
NDGAIIGLMVGGVVIA,-3.12277346354666
NGGAIIGLMVGGVVIA,-1.18155460166394
NVGAIIGLMVGGVVIA,-1.15502999512498
NYGAIIGLMVGGVVIA,-0.487481168199785
NLGAIIGLMVGGVVIA,-3.48366930722653
TKGAIIGLMVGGVVIA,-2.1829503963473
SKGAIIGLMVGGVVIA,-2.45454789597466
IKGAIIGLMVGGVVIA,0.341533824417923
MKGAIIGLMVGGVVIA,0.478849513424524
HKGAIIGLMVGGVVIA,-0.533505411926444
LKGAIIGLMVGGVVIA,-1.54990556189406
DKGAIIGLMVGGVVIA,-3.56553137793187
AKGAIIGLMVGGVVIA,-1.68995163553977
GKGAIIGLMVGGVVIA,-4.67274309556892
VKGAIIGLMVGGVVIA,-0.414547705718645
YKGAIIGLMVGGVVIA,0.467348150553755
CKGAIIGLMVGGVVIA,-2.00777915865332
FKGAIIGLMVGGVVIA,0.596883688998007
DEGAIIGLMVGGVVIA,-4.03285022503132
IEGAIIGLMVGGVVIA,-2.9573188936702
KEGAIIGLMVGGVVIA,-3.30581731734215
SEGAIIGLMVGGVVIA,-3.6144796865218
YEGAIIGLMVGGVVIA,-1.83078416783632
DIGAIIGLMVGGVVIA,-4.11321566187149
IIGAIIGLMVGGVVIA,-4.24233698169302
SIGAIIGLMVGGVVIA,-3.87073525352505
YIGAIIGLMVGGVVIA,-3.06399128973653
DNGAIIGLMVGGVVIA,-4.04617897920954
INGAIIGLMVGGVVIA,0.169160049732938
KNGAIIGLMVGGVVIA,-4.73089625191531
SNGAIIGLMVGGVVIA,-3.49086596256125
TNGAIIGLMVGGVVIA,-4.47588173007259
YNGAIIGLMVGGVVIA,-0.466686033156303
DQGAIIGLMVGGVVIA,-3.41717258363026
KQGAIIGLMVGGVVIA,-4.00560595727561
DRGAIIGLMVGGVVIA,-3.84497578456525
HRGAIIGLMVGGVVIA,-0.538717458470478
IRGAIIGLMVGGVVIA,0.0460915418060581
KRGAIIGLMVGGVVIA,-3.35346351263869
SRGAIIGLMVGGVVIA,-2.92726785682824
TRGAIIGLMVGGVVIA,-1.88425906941116
YRGAIIGLMVGGVVIA,0.616089673351717
YTGAIIGLMVGGVVIA,-0.683456492240577
IKAAIIGLMVGGVVIA,0.520601166142976
NIAAIIGLMVGGVVIA,-4.57828229057563
NNAAIIGLMVGGVVIA,-4.64118217391183
NRAAIIGLMVGGVVIA,-1.84964963585381
DKCAIIGLMVGGVVIA,-3.80416069528558
IKCAIIGLMVGGVVIA,0.551177250933878
SKCAIIGLMVGGVVIA,-1.31893287000853
TKCAIIGLMVGGVVIA,-0.356901788938693
YKCAIIGLMVGGVVIA,-1.2532563078198
NECAIIGLMVGGVVIA,-3.52417986825883
NICAIIGLMVGGVVIA,-4.45528255176634
NNCAIIGLMVGGVVIA,-1.77845157122978
NQCAIIGLMVGGVVIA,-3.61191666042277
NRCAIIGLMVGGVVIA,-1.76234371092265
DKDAIIGLMVGGVVIA,-3.21934525240983
IKDAIIGLMVGGVVIA,-3.54275048969862
SKDAIIGLMVGGVVIA,-4.34749299961356
YKDAIIGLMVGGVVIA,-2.95367746694566
NEDAIIGLMVGGVVIA,-3.60329432669908
NIDAIIGLMVGGVVIA,-5.37592047858384
NNDAIIGLMVGGVVIA,-2.80379998196946
NRDAIIGLMVGGVVIA,-3.7060340803845
DKSAIIGLMVGGVVIA,-2.87448083557359
IKSAIIGLMVGGVVIA,-1.29384137943358
YKSAIIGLMVGGVVIA,-0.244087570794518
NESAIIGLMVGGVVIA,-3.80020072960549
NISAIIGLMVGGVVIA,-3.13095492550478
NNSAIIGLMVGGVVIA,-2.77970406024497
NRSAIIGLMVGGVVIA,-4.02200468629147
DKVAIIGLMVGGVVIA,-1.97203772248743
IKVAIIGLMVGGVVIA,0.664499567475845
NNVAIIGLMVGGVVIA,0.411870886053876
NRVAIIGLMVGGVVIA,-2.14119103631052
NTVAIIGLMVGGVVIA,-4.66420487741664
DKGEIIGLMVGGVVIA,-4.61581686161104
IKGEIIGLMVGGVVIA,-3.58691535821735
YKGEIIGLMVGGVVIA,-2.44360120104448
NEGEIIGLMVGGVVIA,-4.96330638729847
NIGEIIGLMVGGVVIA,-4.37652280496486
NNGEIIGLMVGGVVIA,-4.1193270346937
NRGEIIGLMVGGVVIA,-3.56559258874853
NKCEIIGLMVGGVVIA,-4.51118606979191
DKGGIIGLMVGGVVIA,-4.60233292856589
IKGGIIGLMVGGVVIA,-1.90354146954826
SKGGIIGLMVGGVVIA,-4.80845448626118
NEGGIIGLMVGGVVIA,-4.14472119090753
NIGGIIGLMVGGVVIA,-2.57480489788681
NKSGIIGLMVGGVVIA,-4.89422130801861
DKGPIIGLMVGGVVIA,-3.84793852693002
YKGPIIGLMVGGVVIA,1.53070784245447
NIGPIIGLMVGGVVIA,-1.39474980213493
NRGPIIGLMVGGVVIA,-0.411027801891703
NKCPIIGLMVGGVVIA,-3.49413362476638
DKGSIIGLMVGGVVIA,-4.23337374932494
IKGSIIGLMVGGVVIA,-1.95944172785702
SKGSIIGLMVGGVVIA,-3.66451019725114
YKGSIIGLMVGGVVIA,-2.40749039198782
NEGSIIGLMVGGVVIA,-4.21012663756489
NIGSIIGLMVGGVVIA,-2.22813695725667
NNGSIIGLMVGGVVIA,-2.8117722638328
NQGSIIGLMVGGVVIA,-4.17329456335159
NRGSIIGLMVGGVVIA,-3.18096125992975
DKGTIIGLMVGGVVIA,-3.84596630735506
IKGTIIGLMVGGVVIA,0.539132590498437
SKGTIIGLMVGGVVIA,-1.27761619294598
TKGTIIGLMVGGVVIA,-3.06304406018449
YKGTIIGLMVGGVVIA,-0.0372366087477276
NEGTIIGLMVGGVVIA,-1.43219583669011
NIGTIIGLMVGGVVIA,-1.57979748659746
NNGTIIGLMVGGVVIA,0.791703318645803
NQGTIIGLMVGGVVIA,-0.869465032603224
NRGTIIGLMVGGVVIA,0.604909065401541
NKCTIIGLMVGGVVIA,0.688203879581171
NKDTIIGLMVGGVVIA,-2.30724311837887
NKSTIIGLMVGGVVIA,-1.76329875868644
DKGVIIGLMVGGVVIA,-2.0482773948786
IKGVIIGLMVGGVVIA,0.943905758189944
KKGVIIGLMVGGVVIA,-0.940234103491432
SKGVIIGLMVGGVVIA,-0.667134488283366
TKGVIIGLMVGGVVIA,-1.77233274414524
YKGVIIGLMVGGVVIA,1.27717346213523
NEGVIIGLMVGGVVIA,-0.675861808933381
NIGVIIGLMVGGVVIA,-2.3392834529155
NNGVIIGLMVGGVVIA,1.35212332904619
NRGVIIGLMVGGVVIA,1.04499643295307
NKCVIIGLMVGGVVIA,0.792778274526672
NKDVIIGLMVGGVVIA,0.276234986064515
NKSVIIGLMVGGVVIA,0.822461089552689
DKGAFIGLMVGGVVIA,-3.62837023743409
HKGAFIGLMVGGVVIA,-4.36186508927536
IKGAFIGLMVGGVVIA,0.510750339980612
SKGAFIGLMVGGVVIA,-3.53950349583912
YKGAFIGLMVGGVVIA,-0.875893604706943
NEGAFIGLMVGGVVIA,-3.83813863229475
NIGAFIGLMVGGVVIA,-2.33272393854989
NNGAFIGLMVGGVVIA,-1.67096366012831
NRGAFIGLMVGGVVIA,-2.25092763343047
NKCAFIGLMVGGVVIA,-1.48456312752587
NKDAFIGLMVGGVVIA,-3.91723877824861
NKRAFIGLMVGGVVIA,-4.62911355760537
NKSAFIGLMVGGVVIA,-2.0992555199551
NKGEFIGLMVGGVVIA,-4.75628704677239
NKGPFIGLMVGGVVIA,-1.13302119232505
NKGSFIGLMVGGVVIA,-3.01669501703313
NKGTFIGLMVGGVVIA,-0.974206865075039
NKGVFIGLMVGGVVIA,-0.203201537793495
NEGALIGLMVGGVVIA,-2.65145471023547
DKGAMIGLMVGGVVIA,-4.77814913676586
IKGAMIGLMVGGVVIA,-2.84991407691131
NRGAMIGLMVGGVVIA,-4.02148855048358
DKGANIGLMVGGVVIA,-5.44983358771791
HKGANIGLMVGGVVIA,-5.01048111413447
IKGANIGLMVGGVVIA,-1.31249309073727
SKGANIGLMVGGVVIA,-3.26354131856597
TKGANIGLMVGGVVIA,-2.66057775101054
YKGANIGLMVGGVVIA,-1.77622572166174
NEGANIGLMVGGVVIA,-5.09383023996726
NIGANIGLMVGGVVIA,-2.18592347334774
NNGANIGLMVGGVVIA,-2.13031658597468
NRGANIGLMVGGVVIA,-0.95285447319925
NKCANIGLMVGGVVIA,-3.09219161858914
NKDANIGLMVGGVVIA,-4.53953224210595
NKRANIGLMVGGVVIA,-4.9857885015441
NKVANIGLMVGGVVIA,-2.2080606908749
NKGGNIGLMVGGVVIA,-3.48909840755276
NKGSNIGLMVGGVVIA,-2.27397562396656
NKGTNIGLMVGGVVIA,-2.21046290683079
NKGVNIGLMVGGVVIA,0.932469101281027
NIGASIGLMVGGVVIA,-2.76258001142257
DKGATIGLMVGGVVIA,-2.63145043558746
IKGATIGLMVGGVVIA,-0.67264693021103
SKGATIGLMVGGVVIA,-1.42577829711284
TKGATIGLMVGGVVIA,-2.99258376820147
YKGATIGLMVGGVVIA,-0.167924398590293
NEGATIGLMVGGVVIA,-2.78629991723358
NIGATIGLMVGGVVIA,-2.56003539375394
NNGATIGLMVGGVVIA,-2.03054226156919
NRGATIGLMVGGVVIA,-0.450587149875568
NKCATIGLMVGGVVIA,-3.8809065998624
NKDATIGLMVGGVVIA,-3.81383117776768
NKGETIGLMVGGVVIA,-4.7846359722343
NKGPTIGLMVGGVVIA,-3.27650657376791
NKGTTIGLMVGGVVIA,0.762973386851929
NKGVTIGLMVGGVVIA,1.60348873011535
DKGAVIGLMVGGVVIA,-4.15460893289551
IKGAVIGLMVGGVVIA,0.0755018614445834
KKGAVIGLMVGGVVIA,-3.23886206801238
SKGAVIGLMVGGVVIA,-3.51422642742066
TKGAVIGLMVGGVVIA,-4.03774907135536
YKGAVIGLMVGGVVIA,0.0927440613400234
NEGAVIGLMVGGVVIA,-4.10620137675251
NIGAVIGLMVGGVVIA,-0.841981262114431
NNGAVIGLMVGGVVIA,-1.37535194126506
NRGAVIGLMVGGVVIA,-1.40909555029241
NKCAVIGLMVGGVVIA,-1.73640373075239
NKDAVIGLMVGGVVIA,-4.85937457668844
NKSAVIGLMVGGVVIA,-1.22791617594321
NKVAVIGLMVGGVVIA,-2.99363237130284
NKGEVIGLMVGGVVIA,-3.65424999911317
NKGGVIGLMVGGVVIA,-0.367755099377263
NKGSVIGLMVGGVVIA,-2.70211055192172
NKGTVIGLMVGGVVIA,0.496740778535653
NKGVVIGLMVGGVVIA,0.995607451649896
DKGAIFGLMVGGVVIA,-4.28166961564539
IKGAIFGLMVGGVVIA,-3.6298343429831
SKGAIFGLMVGGVVIA,-4.13736695742562
YKGAIFGLMVGGVVIA,-3.19523255894004
NEGAIFGLMVGGVVIA,-4.30140721972674
NIGAIFGLMVGGVVIA,-5.01971855023017
NNGAIFGLMVGGVVIA,-3.3753293067661
NRGAIFGLMVGGVVIA,-3.89387770577403
NKCAIFGLMVGGVVIA,-4.09130482009137
NKDAIFGLMVGGVVIA,-4.79195600380335
NKGTIFGLMVGGVVIA,-2.82163328038574
NKGVIFGLMVGGVVIA,-2.8475216419275
NKGATFGLMVGGVVIA,-3.45075471294027
NKGAVFGLMVGGVVIA,-4.25336658561266
NKGVILGLMVGGVVIA,-4.51578487229837
YKGAIMGLMVGGVVIA,-3.65100569321954
DKGAINGLMVGGVVIA,-3.22589592391128
IKGAINGLMVGGVVIA,-3.18624839209161
SKGAINGLMVGGVVIA,-3.2064515523146
YKGAINGLMVGGVVIA,-3.48878607210451
NEGAINGLMVGGVVIA,-4.52838427395954
NIGAINGLMVGGVVIA,-4.80690268213761
NNGAINGLMVGGVVIA,-3.48173624155662
NRGAINGLMVGGVVIA,-3.98779691338293
NKCAINGLMVGGVVIA,-3.41600473083357
NKDAINGLMVGGVVIA,-2.56184758467246
NKRAINGLMVGGVVIA,-4.88042798588627
NKSAINGLMVGGVVIA,-4.9857885015441
NKGTINGLMVGGVVIA,-3.2132462773301
NKGVINGLMVGGVVIA,-2.71462810782764
NKGAFNGLMVGGVVIA,-5.78549264718711
NKGANNGLMVGGVVIA,-4.52065031553982
NKGATNGLMVGGVVIA,-4.00864387615849
NKGAVNGLMVGGVVIA,-4.78205789310901
DKGAITGLMVGGVVIA,-3.27665173164808
HKGAITGLMVGGVVIA,-4.52838427395954
IKGAITGLMVGGVVIA,-3.87802572721721
KKGAITGLMVGGVVIA,-4.67278862110803
SKGAITGLMVGGVVIA,-4.90062221961452
YKGAITGLMVGGVVIA,-3.70822620599911
NEGAITGLMVGGVVIA,-2.7408303787741
NIGAITGLMVGGVVIA,-5.11633490833612
NNGAITGLMVGGVVIA,-3.81229236952615
NRGAITGLMVGGVVIA,-2.65599579881428
NKCAITGLMVGGVVIA,-5.11127551368556
NKDAITGLMVGGVVIA,-4.01530923301638
NKSAITGLMVGGVVIA,-4.99023297998076
NKVAITGLMVGGVVIA,-3.27791051629675
NKGGITGLMVGGVVIA,-4.0030249698981
NKGPITGLMVGGVVIA,-4.27797731691001
NKGSITGLMVGGVVIA,-5.01815017912873
NKGTITGLMVGGVVIA,-3.69324115847681
NKGVITGLMVGGVVIA,-3.12834721041238
NKGAFTGLMVGGVVIA,-5.07573769733303
NKGANTGLMVGGVVIA,-3.16592390817669
NKGATTGLMVGGVVIA,-5.10245527014038
NKGAVTGLMVGGVVIA,-4.41809783609529
DKGAIVGLMVGGVVIA,-3.97916394400567
HKGAIVGLMVGGVVIA,-3.58268702210783
IKGAIVGLMVGGVVIA,0.251932029672904
SKGAIVGLMVGGVVIA,-3.07132323191664
YKGAIVGLMVGGVVIA,-1.81927711167675
NEGAIVGLMVGGVVIA,-1.40320095981069
NIGAIVGLMVGGVVIA,-2.93049536418531
NNGAIVGLMVGGVVIA,-1.45067703977436
NRGAIVGLMVGGVVIA,-2.08429103081979
NKAAIVGLMVGGVVIA,-4.56192306111496
NKCAIVGLMVGGVVIA,-2.21936618216864
NKDAIVGLMVGGVVIA,-5.29968782059012
NKVAIVGLMVGGVVIA,0.277328547343184
NKGEIVGLMVGGVVIA,-4.1753139170635
NKGGIVGLMVGGVVIA,0.430276937208473
NKGSIVGLMVGGVVIA,-2.94682995849661
NKGTIVGLMVGGVVIA,-0.24084563305105
NKGVIVGLMVGGVVIA,0.804180618185787
NKGAFVGLMVGGVVIA,-4.19650071692224
NKGANVGLMVGGVVIA,-3.46029309971933
NKGATVGLMVGGVVIA,-4.59086591381999
NKGAVVGLMVGGVVIA,-2.32320198279155
DKGAIIELMVGGVVIA,-4.53579776461246
IKGAIIELMVGGVVIA,-2.45887999171317
SKGAIIELMVGGVVIA,-4.88042798588627
YKGAIIELMVGGVVIA,-3.64933705296447
NEGAIIELMVGGVVIA,-5.04641312336054
NIGAIIELMVGGVVIA,-4.00829830997277
NNGAIIELMVGGVVIA,-3.51993330358051
NRGAIIELMVGGVVIA,-3.82617919742235
NKCAIIELMVGGVVIA,-3.45664170756211
NKDAIIELMVGGVVIA,-3.38840739791894
NKGTIIELMVGGVVIA,-2.83252859878667
NKGVIIELMVGGVVIA,-1.77648212769205
NKGAFIELMVGGVVIA,-4.86094365620968
NKGANIELMVGGVVIA,-1.84454864431887
NKGATIELMVGGVVIA,-3.53050126893726
NKGAVIELMVGGVVIA,-4.65871853093283
NKGAINELMVGGVVIA,-5.21717681264689
NKGAITELMVGGVVIA,-5.27355581192561
DKGAIIRLMVGGVVIA,-4.91011292239573
IKGAIIRLMVGGVVIA,-3.19134259049189
SKGAIIRLMVGGVVIA,-5.33853706593606
YKGAIIRLMVGGVVIA,-3.01501037465951
NEGAIIRLMVGGVVIA,-4.6925081785539
NIGAIIRLMVGGVVIA,-3.89853081123533
NNGAIIRLMVGGVVIA,-3.18704684577558
NRGAIIRLMVGGVVIA,-4.00453668940192
NKCAIIRLMVGGVVIA,-3.76329500399383
NKDAIIRLMVGGVVIA,-4.89422130801861
NKGEIIRLMVGGVVIA,-3.73282439706633
NKGTIIRLMVGGVVIA,-1.99486548022787
NKGVIIRLMVGGVVIA,-1.79661277939267
NKGAFIRLMVGGVVIA,-4.80995535083936
NKGANIRLMVGGVVIA,-4.38073749070474
NKGATIRLMVGGVVIA,-3.4927907453404
NKGAVIRLMVGGVVIA,-1.79415566897022
NKGAITRLMVGGVVIA,-4.04375503264284
NKGAIVRLMVGGVVIA,-4.28097629856125
DKGAIIVLMVGGVVIA,-4.02148855048358
YKGAIIVLMVGGVVIA,-4.26328989628774
NEGAIIVLMVGGVVIA,-4.82326957204632
NNGAIIVLMVGGVVIA,-3.65100569321954
NRGAIIVLMVGGVVIA,-4.05133360758787
NKCAIIVLMVGGVVIA,-3.85844372276845
NKGTIIVLMVGGVVIA,-2.37682920308612
NKGAFIVLMVGGVVIA,-3.89702486908138
NKGAINVLMVGGVVIA,-4.36452199180131
NKGAITVLMVGGVVIA,-4.62911355760537
NKGAIVVLMVGGVVIA,-1.78487817187734
DKGAIIGFMVGGVVIA,-4.16731124677706
IKGAIIGFMVGGVVIA,-1.13159552381104
SKGAIIGFMVGGVVIA,-4.83472184944985
YKGAIIGFMVGGVVIA,-1.01027214161084
NEGAIIGFMVGGVVIA,-2.79492935646244
NIGAIIGFMVGGVVIA,-1.78977159357377
NNGAIIGFMVGGVVIA,-1.39401924165023
NRGAIIGFMVGGVVIA,-2.3040314859208
NKCAIIGFMVGGVVIA,-2.12633387919437
NKDAIIGFMVGGVVIA,-3.19918436421574
NKGSIIGFMVGGVVIA,-4.27797731691001
NKGTIIGFMVGGVVIA,1.0268349446276
NKGVIIGFMVGGVVIA,2.40976298405861
NKGAFIGFMVGGVVIA,-2.4525113110986
NKGANIGFMVGGVVIA,-1.70237415553833
NKGATIGFMVGGVVIA,-0.996877004132493
NKGAVIGFMVGGVVIA,-0.369148422821974
NKGAINGFMVGGVVIA,-4.49558216498085
NKGAITGFMVGGVVIA,-4.61025601595764
NKGAIVGFMVGGVVIA,-1.88664797257932
NKGAIIEFMVGGVVIA,-4.32366931792656
NKGAIIRFMVGGVVIA,-5.39955241246696
NKGAIIVFMVGGVVIA,-4.07097440872651
DKGAIIGHMVGGVVIA,-5.87879654103765
IKGAIIGHMVGGVVIA,-2.32957918772859
KKGAIIGHMVGGVVIA,-4.42048771557003
SKGAIIGHMVGGVVIA,-3.41042115475398
TKGAIIGHMVGGVVIA,-3.66603797530695
YKGAIIGHMVGGVVIA,-2.53363982264609
NEGAIIGHMVGGVVIA,-4.45068998032681
NIGAIIGHMVGGVVIA,-4.06778738377854
NNGAIIGHMVGGVVIA,-2.87433675035505
NQGAIIGHMVGGVVIA,-3.44001206540139
NRGAIIGHMVGGVVIA,-2.83251962295992
NKAAIIGHMVGGVVIA,-3.97105769685669
NKCAIIGHMVGGVVIA,-3.29444244498373
NKDAIIGHMVGGVVIA,-5.19578366462758
NKSAIIGHMVGGVVIA,-3.11647628574345
NKVAIIGHMVGGVVIA,-1.88179678971946
NKGEIIGHMVGGVVIA,-5.22936103103842
NKGGIIGHMVGGVVIA,-4.97320971933724
NKGSIIGHMVGGVVIA,-3.6271642028712
NKGTIIGHMVGGVVIA,-2.77879100388429
NKGVIIGHMVGGVVIA,-0.0646558675365655
NKGAFIGHMVGGVVIA,-3.35365506518779
NKGANIGHMVGGVVIA,-4.54019723764597
NKGATIGHMVGGVVIA,-3.44112784269918
NKGAVIGHMVGGVVIA,-2.96217120108119
NKGAIFGHMVGGVVIA,-4.43159227835533
NKGAIMGHMVGGVVIA,-5.21888238371148
NKGAINGHMVGGVVIA,-4.14642165133518
NKGAITGHMVGGVVIA,-4.13173255146817
NKGAIVGHMVGGVVIA,-3.37376648321674
NKGAIIEHMVGGVVIA,-5.46705931377188
NKGAIIRHMVGGVVIA,-3.70081770843711
DKGAIIGIMVGGVVIA,-3.70981970558427
IKGAIIGIMVGGVVIA,0.902262950190451
SKGAIIGIMVGGVVIA,-1.66170479736397
YKGAIIGIMVGGVVIA,0.63333491076833
NEGAIIGIMVGGVVIA,-1.07754621895586
NIGAIIGIMVGGVVIA,-1.83046717298858
NNGAIIGIMVGGVVIA,0.164106057518146
NRGAIIGIMVGGVVIA,0.725374080409723
NKCAIIGIMVGGVVIA,-1.05382387963478
NKDAIIGIMVGGVVIA,-3.60936925040038
NKGSIIGIMVGGVVIA,-2.84750645984133
NKGTIIGIMVGGVVIA,1.27722873608578
NKGVIIGIMVGGVVIA,2.73369812985395
NKGAFIGIMVGGVVIA,-1.66407023078411
NKGANIGIMVGGVVIA,-2.08476108166722
NKGATIGIMVGGVVIA,-1.41287768797457
NKGAVIGIMVGGVVIA,1.03750112913722
NKGAIFGIMVGGVVIA,-3.06186759586926
NKGAINGIMVGGVVIA,-1.33171684227597
NKGAITGIMVGGVVIA,-2.7553975632232
NKGAIVGIMVGGVVIA,-0.724679973044991
DKGAIIGPMVGGVVIA,-4.8794770043885
IKGAIIGPMVGGVVIA,-4.3674658192959
SKGAIIGPMVGGVVIA,-2.9188004581021
YKGAIIGPMVGGVVIA,-3.59693369102148
NEGAIIGPMVGGVVIA,-4.53730521473989
NIGAIIGPMVGGVVIA,-3.78750036026898
NNGAIIGPMVGGVVIA,-3.68845745547312
NRGAIIGPMVGGVVIA,-4.35218984760851
NKCAIIGPMVGGVVIA,-4.25008170656536
NKDAIIGPMVGGVVIA,-4.13437298049654
NKGGIIGPMVGGVVIA,-4.55500558545165
NKGPIIGPMVGGVVIA,-1.29690904743016
NKGTIIGPMVGGVVIA,-2.49017006770403
NKGVIIGPMVGGVVIA,-2.66610563573432
NKGAFIGPMVGGVVIA,-5.70771291581528
NKGANIGPMVGGVVIA,-4.65554681467352
NKGATIGPMVGGVVIA,-4.90473179310348
NKGAVIGPMVGGVVIA,-4.33347246800885
NKGAIFGPMVGGVVIA,-5.4319877897786
NKGAINGPMVGGVVIA,-3.95623950075965
NKGAITGPMVGGVVIA,-3.42653940675526
NKGAIVGPMVGGVVIA,-4.72279904168269
NKGAIIEPMVGGVVIA,-5.3628301667209
NKGAIIVPMVGGVVIA,-4.97320971933724
DKGAIIGRMVGGVVIA,-4.25442010816396
IKGAIIGRMVGGVVIA,-3.83208617297378
YKGAIIGRMVGGVVIA,-4.45873726423361
NKCAIIGRMVGGVVIA,-4.80925035111826
NKGTIIGRMVGGVVIA,-3.70984219759308
NKGVIIGRMVGGVVIA,-4.12894790876023
DKGAIIGVMVGGVVIA,-4.34153974254507
YKGAIIGVMVGGVVIA,0.292436685861224
NEGAIIGVMVGGVVIA,-2.88102915187997
NIGAIIGVMVGGVVIA,-2.101209466203
NNGAIIGVMVGGVVIA,-1.2290864510914
NRGAIIGVMVGGVVIA,0.336482106026429
NKGTIIGVMVGGVVIA,1.32559071733611
NKGAIVGVMVGGVVIA,-3.8809065998624
DKGAIIGLIVGGVVIA,-5.36033807248884
IKGAIIGLIVGGVVIA,-2.20969341733418
SKGAIIGLIVGGVVIA,-2.90491764798352
YKGAIIGLIVGGVVIA,-1.91452583124603
NEGAIIGLIVGGVVIA,-3.59481893869536
NIGAIIGLIVGGVVIA,-3.42645409359671
NNGAIIGLIVGGVVIA,-1.38375121664811
NRGAIIGLIVGGVVIA,-3.21136776301306
NTGAIIGLIVGGVVIA,-4.97320971933724
NKCAIIGLIVGGVVIA,-3.44943910607539
NKDAIIGLIVGGVVIA,-4.80340830369329
NKGGIIGLIVGGVVIA,-2.55922884369828
NKGSIIGLIVGGVVIA,-4.13012239148638
NKGTIIGLIVGGVVIA,0.906600892647564
NKGVIIGLIVGGVVIA,-0.939641925483088
NKGAFIGLIVGGVVIA,-4.47496287777811
NKGANIGLIVGGVVIA,-2.83681730815125
NKGATIGLIVGGVVIA,-4.05281437480581
NKGAVIGLIVGGVVIA,-3.11285026853239
NKGAIFGLIVGGVVIA,-4.52838427395954
NKGAINGLIVGGVVIA,-0.831486778411155
NKGAITGLIVGGVVIA,-3.84734673864631
NKGAIVGLIVGGVVIA,-5.60483642161335
NKGAIIELIVGGVVIA,-3.97907678766606
NKGAIIRLIVGGVVIA,-4.16001477082021
NKGAIIGFIVGGVVIA,-3.13779330693858
NKGAIIGHIVGGVVIA,-3.99806661681716
NKGAIIGIIVGGVVIA,-2.87448083557359
NKGAIIGPIVGGVVIA,-4.08904163939797
NKGAIIGRIVGGVVIA,-4.64118217391183
DKGAIIGLKVGGVVIA,-2.91185343772295
IKGAIIGLKVGGVVIA,-4.33612227225503
SKGAIIGLKVGGVVIA,-5.44402465972714
TKGAIIGLKVGGVVIA,-4.08538170526215
YKGAIIGLKVGGVVIA,-3.67289290683294
NEGAIIGLKVGGVVIA,-4.91679563005715
NIGAIIGLKVGGVVIA,-4.26363947661211
NNGAIIGLKVGGVVIA,-3.96632620338454
NRGAIIGLKVGGVVIA,-3.13816875460037
NKCAIIGLKVGGVVIA,-4.30063684396069
NKDAIIGLKVGGVVIA,-4.63800250502261
NKGEIIGLKVGGVVIA,-5.04888209585859
NKGGIIGLKVGGVVIA,-5.05810916312373
NKGTIIGLKVGGVVIA,-3.36687145491411
NKGVIIGLKVGGVVIA,-2.50064870768358
NKGAFIGLKVGGVVIA,-4.90641839880014
NKGANIGLKVGGVVIA,-4.90782696007439
NKGATIGLKVGGVVIA,-4.31351697389229
NKGAVIGLKVGGVVIA,-4.44648403020348
NKGAIFGLKVGGVVIA,-5.45364193879662
NKGAINGLKVGGVVIA,-5.30940431120736
NKGAITGLKVGGVVIA,-6.27026894923158
NKGAIVGLKVGGVVIA,-4.59274591343449
NKGAIIELKVGGVVIA,-4.11189545909404
NKGAIIRLKVGGVVIA,-4.53558749959454
NKGAIIGFKVGGVVIA,-4.12781091170448
NKGAIIGHKVGGVVIA,-4.94052634223225
NKGAIIGIKVGGVVIA,-3.45664170756211
NKGAIIGPKVGGVVIA,-4.11074882770094
DKGAIIGLLVGGVVIA,-4.23686154232169
IKGAIIGLLVGGVVIA,-1.36326608639058
KKGAIIGLLVGGVVIA,-4.61109505210269
SKGAIIGLLVGGVVIA,-2.83864659640789
YKGAIIGLLVGGVVIA,-2.04195524347214
NEGAIIGLLVGGVVIA,-4.17285397494183
NIGAIIGLLVGGVVIA,-3.74050071258087
NNGAIIGLLVGGVVIA,-2.61904258203857
NQGAIIGLLVGGVVIA,-4.93449520715655
NRGAIIGLLVGGVVIA,-3.20810043556112
NKAAIIGLLVGGVVIA,-4.59437976110561
NKCAIIGLLVGGVVIA,-4.04732680469532
NKDAIIGLLVGGVVIA,-4.2518193264639
NKSAIIGLLVGGVVIA,-4.21589589284442
NKGGIIGLLVGGVVIA,-2.05203370648848
NKGPIIGLLVGGVVIA,-1.21994800629404
NKGTIIGLLVGGVVIA,-1.68622420608323
NKGVIIGLLVGGVVIA,-1.08451338129107
NKGAFIGLLVGGVVIA,-4.12701970150355
NKGANIGLLVGGVVIA,-5.16239063521418
NKGATIGLLVGGVVIA,-3.70396899756541
NKGAVIGLLVGGVVIA,-3.40930351224054
NKGAIFGLLVGGVVIA,-5.10357153720049
NKGAINGLLVGGVVIA,-5.99738941322258
NKGAITGLLVGGVVIA,0.813345627053749
NKGAIVGLLVGGVVIA,-4.14989521202968
NKGAIIELLVGGVVIA,-4.84507118541035
NKGAIIRLLVGGVVIA,-4.59458006236635
NKGAIIVLLVGGVVIA,-2.67324548449551
NKGAIIGFLVGGVVIA,-4.05902646980265
NKGAIIGHLVGGVVIA,-2.87205865708152
NKGAIIGILVGGVVIA,-1.68881135952472
NKGAIIGPLVGGVVIA,-5.94609611883503
NKGAIIGVLVGGVVIA,-3.7231328235458
NKGAITGLRVGGVVIA,-2.12428332237454
DKGAIIGLTVGGVVIA,-3.13373926069526
IKGAIIGLTVGGVVIA,-3.49549541567808
YKGAIIGLTVGGVVIA,-3.39702321607783
NEGAIIGLTVGGVVIA,-4.50003643107787
NIGAIIGLTVGGVVIA,-3.67562488563301
NNGAIIGLTVGGVVIA,-4.28667076420349
NRGAIIGLTVGGVVIA,-3.7443477639268
NKCAIIGLTVGGVVIA,-4.2671102460845
NKSAIIGLTVGGVVIA,-4.51578487229837
NKGGIIGLTVGGVVIA,-4.68590377843864
NKGTIIGLTVGGVVIA,-3.08317782416156
NKGVIIGLTVGGVVIA,-2.70692623428515
NKGAFIGLTVGGVVIA,-3.89029634021223
NKGANIGLTVGGVVIA,-3.43580404518911
NKGATIGLTVGGVVIA,-2.1733935289039
NKGAVIGLTVGGVVIA,-4.8685237081287
NKGAIFGLTVGGVVIA,-4.9475672887239
NKGAINGLTVGGVVIA,-3.19227237150335
NKGAITGLTVGGVVIA,-5.74829137076643
NKGAIVGLTVGGVVIA,-5.09640921672822
NKGAIIELTVGGVVIA,-3.89959873287455
NKGAIIRLTVGGVVIA,-3.57417633243992
NKGAIIGFTVGGVVIA,-5.24264831097847
NKGAIIGHTVGGVVIA,-3.86357466900996
NKGAIIGITVGGVVIA,-1.1016002951094
NKGAIIGPTVGGVVIA,-2.61982877608463
DKGAIIGLVVGGVVIA,-5.74834033736156
IKGAIIGLVVGGVVIA,0.878422863129991
KKGAIIGLVVGGVVIA,-4.88042798588627
SKGAIIGLVVGGVVIA,-5.31123095621161
YKGAIIGLVVGGVVIA,-1.40740237544349
NEGAIIGLVVGGVVIA,-2.22875422390409
NIGAIIGLVVGGVVIA,-2.45037809537543
NNGAIIGLVVGGVVIA,-1.26141716919275
NRGAIIGLVVGGVVIA,-1.43541020750542
NKCAIIGLVVGGVVIA,-2.10171588108355
NKDAIIGLVVGGVVIA,-5.34573627755606
NKSAIIGLVVGGVVIA,-3.80220017603627
NKVAIIGLVVGGVVIA,0.215866512066924
NKGEIIGLVVGGVVIA,-4.36186508927536
NKGGIIGLVVGGVVIA,-1.35590847749189
NKGSIIGLVVGGVVIA,-3.78108874897184
NKGTIIGLVVGGVVIA,0.767811056634916
NKGVIIGLVVGGVVIA,0.393710519583257
NKGAFIGLVVGGVVIA,-3.69946765491476
NKGANIGLVVGGVVIA,-1.19824820278457
NKGATIGLVVGGVVIA,-2.5221010345283
NKGAVIGLVVGGVVIA,-1.95161628948946
NKGAIFGLVVGGVVIA,-3.86824820299047
NKGAINGLVVGGVVIA,-3.6764505066104
NKGAITGLVVGGVVIA,-5.02608184038593
NKGAIVGLVVGGVVIA,-3.60342363512395
NKGAIIELVVGGVVIA,-5.42116252881618
NKGAIIRLVVGGVVIA,-4.60866818776166
NKGAIIGFVVGGVVIA,-0.0192595449391965
NKGAIIGHVVGGVVIA,-3.03532722433148
NKGAIIGIVVGGVVIA,-0.981639285176682
NKGAIIGPVVGGVVIA,-2.53483496906117
NKGAIIGRVVGGVVIA,-4.75628704677239
DKGAIIGLMAGGVVIA,-5.18720644907314
IKGAIIGLMAGGVVIA,-2.0934413427562
SKGAIIGLMAGGVVIA,-5.11462137338707
YKGAIIGLMAGGVVIA,-1.65554354041179
NEGAIIGLMAGGVVIA,-3.16069125264816
NIGAIIGLMAGGVVIA,-2.70637016469026
NNGAIIGLMAGGVVIA,-2.38975724424694
NRGAIIGLMAGGVVIA,-2.29166232090806
NKAAIIGLMAGGVVIA,-4.51578487229837
NKCAIIGLMAGGVVIA,-3.20624426450051
NKDAIIGLMAGGVVIA,-3.71409752316321
NKGEIIGLMAGGVVIA,-4.57405378042234
NKGPIIGLMAGGVVIA,-2.97517184520741
NKGSIIGLMAGGVVIA,-4.16902250299971
NKGTIIGLMAGGVVIA,-1.87790889159803
NKGVIIGLMAGGVVIA,0.635743755110768
NKGAFIGLMAGGVVIA,-3.55697874396303
NKGANIGLMAGGVVIA,-3.45447047478262
NKGATIGLMAGGVVIA,-3.8473703496149
NKGAVIGLMAGGVVIA,-3.27125477838553
NKGAIFGLMAGGVVIA,-3.3565018034565
NKGAINGLMAGGVVIA,-4.86161509158203
NKGAITGLMAGGVVIA,-4.61563020726808
NKGAIVGLMAGGVVIA,-4.66625969734479
NKGAIIELMAGGVVIA,-3.62222230753055
NKGAIIRLMAGGVVIA,-3.89168761282675
NKGAIIGFMAGGVVIA,-1.18133787201789
NKGAIIGHMAGGVVIA,-3.21594849847351
NKGAIIGIMAGGVVIA,0.264001824109276
NKGAIIGPMAGGVVIA,-4.48199467265331
NKGAIIGLIAGGVVIA,-1.45844465514401
NKGAIIGLKAGGVVIA,-4.77042709067195
NKGAIIGLLAGGVVIA,-3.76647794619902
NKGAIIGLTAGGVVIA,-5.7855454171623
NKGAIIGLVAGGVVIA,-2.94657636132044
DKGAIIGLMEGGVVIA,-4.4109955248179
IKGAIIGLMEGGVVIA,-3.52708328150579
SKGAIIGLMEGGVVIA,-4.48427614130723
YKGAIIGLMEGGVVIA,-2.70346977808547
NEGAIIGLMEGGVVIA,-4.94642028666702
NIGAIIGLMEGGVVIA,-4.74556546380509
NNGAIIGLMEGGVVIA,-2.5948459737126
NRGAIIGLMEGGVVIA,-2.77800325242859
NTGAIIGLMEGGVVIA,-4.53377572671019
NKCAIIGLMEGGVVIA,-3.58177905786108
NKDAIIGLMEGGVVIA,-5.59419445364895
NKSAIIGLMEGGVVIA,-4.76264495022989
NKVAIIGLMEGGVVIA,-3.8590554405335
NKGEIIGLMEGGVVIA,-4.79626861687992
NKGGIIGLMEGGVVIA,-5.24815276601159
NKGTIIGLMEGGVVIA,-2.77200224109075
NKGVIIGLMEGGVVIA,-0.174852009042621
NKGAFIGLMEGGVVIA,-4.99784395392954
NKGANIGLMEGGVVIA,-4.12134181746151
NKGATIGLMEGGVVIA,-3.67531014413831
NKGAVIGLMEGGVVIA,-0.752881698299272
NKGAIFGLMEGGVVIA,-4.5450360735063
NKGAIMGLMEGGVVIA,-0.530866802367495
NKGAINGLMEGGVVIA,-3.58957448011105
NKGAITGLMEGGVVIA,-4.36597618305432
NKGAIVGLMEGGVVIA,-3.66285392706494
NKGAIIALMEGGVVIA,-2.34722864206484
NKGAIIELMEGGVVIA,-5.37080141975456
NKGAIIRLMEGGVVIA,-4.63128022634254
NKGAIIGFMEGGVVIA,-3.71713791873401
NKGAIIGHMEGGVVIA,-2.87407806902422
NKGAIIGIMEGGVVIA,-2.50346461018469
NKGAIIGPMEGGVVIA,-4.77190620385388
NKGAIIGRMEGGVVIA,-3.47245045399272
NKGAIIGVMEGGVVIA,-3.68506861637207
NKGAIIGLIEGGVVIA,-4.37984245524989
NKGAIIGLKEGGVVIA,-5.16381547648236
NKGAIIGLLEGGVVIA,-3.49993228903423
NKGAIIGLTEGGVVIA,-3.37587712130939
NKGAIIGLVEGGVVIA,-2.99236642975363
DKGAIIGLMGGGVVIA,-4.29264132098416
YKGAIIGLMGGGVVIA,-4.80845448626118
NNGAIIGLMGGGVVIA,-4.49368875147179
NRGAIIGLMGGGVVIA,-5.07914281934499
NKGATIGLMGGGVVIA,-4.9475672887239
NKGAITGLMGGGVVIA,-2.97912270428796
NKGAIIGHMGGGVVIA,-3.48296032416826
DKGAIIGLMLGGVVIA,-4.13319695372211
IKGAIIGLMLGGVVIA,-1.26670860269016
SKGAIIGLMLGGVVIA,-2.1714223578785
NEGAIIGLMLGGVVIA,-2.11409694161301
NIGAIIGLMLGGVVIA,-3.2862097883019
NRGAIIGLMLGGVVIA,-0.275457197463513
NKCAIIGLMLGGVVIA,-2.5008818517561
NKGTIIGLMLGGVVIA,0.534594779299463
NKGVIIGLMLGGVVIA,2.01462804430914
NKGAFIGLMLGGVVIA,-1.89492980970058
NKGALIGLMLGGVVIA,-3.47544149175423
NKGANIGLMLGGVVIA,-3.12949051117847
NKGAVIGLMLGGVVIA,-1.21662130672479
NKGAINGLMLGGVVIA,-4.68129931077594
NKGAITGLMLGGVVIA,-3.90838150310226
NKGAIVGLMLGGVVIA,-2.63519418936369
NKGAIIRLMLGGVVIA,-3.47544149175423
NKGAIIGHMLGGVVIA,-4.13416345241925
NKGAIIGPMLGGVVIA,-3.84793852693002
NKGAIIGLLLGGVVIA,-4.42048771557003
NKGAIIGLVLGGVVIA,-1.81636823323224
DKGAIIGLMMGGVVIA,-2.29217055236663
IKGAIIGLMMGGVVIA,-0.637554136792684
SKGAIIGLMMGGVVIA,-1.71961464909181
YKGAIIGLMMGGVVIA,-0.146325484377341
NEGAIIGLMMGGVVIA,-3.08057394433407
NIGAIIGLMMGGVVIA,-3.03150231068478
NNGAIIGLMMGGVVIA,-0.652238391747324
NRGAIIGLMMGGVVIA,-0.334184945355074
NKCAIIGLMMGGVVIA,-2.60792642745807
NKDAIIGLMMGGVVIA,-4.39279499966307
NKSAIIGLMMGGVVIA,-3.06304406018449
NKGEIIGLMMGGVVIA,-3.05792508181458
NKGPIIGLMMGGVVIA,-1.26622401964349
NKGTIIGLMMGGVVIA,0.853308847316607
NKGVIIGLMMGGVVIA,1.78019340611554
NKGAFIGLMMGGVVIA,-1.32507300911463
NKGANIGLMMGGVVIA,-0.723951046816902
NKGATIGLMMGGVVIA,-1.34088535410609
NKGAVIGLMMGGVVIA,-0.844362585079031
NKGAIFGLMMGGVVIA,-3.62911883788065
NKGAINGLMMGGVVIA,-4.83843018420134
NKGAITGLMMGGVVIA,-4.15596231665602
NKGAIVGLMMGGVVIA,-0.842396155190306
NKGAIIELMMGGVVIA,-3.23380688595181
NKGAIIRLMMGGVVIA,-2.96155684816921
NKGAIIGFMMGGVVIA,-2.01560693076246
NKGAIIGHMMGGVVIA,-2.55361289587374
NKGAIIGIMMGGVVIA,0.831451352232715
NKGAIIGPMMGGVVIA,-4.21625557321346
NKGAIIGRMMGGVVIA,-4.62582202143938
NKGAIIGLIMGGVVIA,-1.60626360322926
NKGAIIGLKMGGVVIA,-3.22383372971273
NKGAIIGLLMGGVVIA,-2.37613036494718
NKGAIIGLTMGGVVIA,-3.36117187165463
NKGAIIGLVMGGVVIA,-2.08153464577236
DKGAIIGLMVAGVVIA,-4.74259880236143
NNGAIIGLMVAGVVIA,-4.51578487229837
NKGAIIGPMVAGVVIA,-3.6322839632472
DKGAIIGLMVCGVVIA,-4.74265598418755
IKGAIIGLMVCGVVIA,-1.66002495116372
KKGAIIGLMVCGVVIA,-4.70874281878741
SKGAIIGLMVCGVVIA,-3.67282017101196
YKGAIIGLMVCGVVIA,-1.78974890677126
NEGAIIGLMVCGVVIA,-2.48902764059199
NIGAIIGLMVCGVVIA,0.104990397752238
NNGAIIGLMVCGVVIA,-1.71754991277156
NQGAIIGLMVCGVVIA,-2.13507508772255
NRGAIIGLMVCGVVIA,-0.848238148141177
NTGAIIGLMVCGVVIA,-0.179495787751141
NKCAIIGLMVCGVVIA,-2.61555654317331
NKDAIIGLMVCGVVIA,-4.07475810738234
NKRAIIGLMVCGVVIA,-3.19966997705715
NKSAIIGLMVCGVVIA,-4.09869938918059
NKGEIIGLMVCGVVIA,-4.10846715457644
NKGGIIGLMVCGVVIA,-2.54967201592553
NKGPIIGLMVCGVVIA,-4.22810279984658
NKGSIIGLMVCGVVIA,0.767022624845895
NKGTIIGLMVCGVVIA,0.530892676476783
NKGVIIGLMVCGVVIA,-0.897441154423502
NKGAFIGLMVCGVVIA,-2.25565173634798
NKGANIGLMVCGVVIA,-2.09279606882142
NKGATIGLMVCGVVIA,-3.08355768963732
NKGAVIGLMVCGVVIA,-0.861336708873612
NKGAIFGLMVCGVVIA,-2.91598915396436
NKGAINGLMVCGVVIA,-4.53608394591407
NKGAITGLMVCGVVIA,-4.66343078321217
NKGAIVGLMVCGVVIA,-2.07421169654148
NKGAIIALMVCGVVIA,-4.55500558545165
NKGAIIELMVCGVVIA,-2.76933065677181
NKGAIIRLMVCGVVIA,-1.89917413702796
NKGAIIVLMVCGVVIA,-3.31520636201717
NKGAIIGFMVCGVVIA,-2.3765232834493
NKGAIIGHMVCGVVIA,-3.97569871961097
NKGAIIGIMVCGVVIA,-3.36459396796611
NKGAIIGPMVCGVVIA,-2.99715565175873
NKGAIIGLIVCGVVIA,-0.827373001308642
NKGAIIGLKVCGVVIA,-5.20123442892744
NKGAIIGLLVCGVVIA,-0.593508450329785
NKGAIIGLTVCGVVIA,-4.28540732732852
NKGAIIGLVVCGVVIA,-1.24673113559856
NKGAIIGLMACGVVIA,-3.23777208198855
NKGAIIGLMECGVVIA,-1.64514998643882
NKGAIIGLMGCGVVIA,-2.35591631897815
NKGAIIGLMLCGVVIA,1.1419745870456
NKGAIIGLMMCGVVIA,-0.202063064936866
DKGAIIGLMVDGVVIA,-4.98289433705428
IKGAIIGLMVDGVVIA,-3.43852686940347
SKGAIIGLMVDGVVIA,-4.96686049165858
YKGAIIGLMVDGVVIA,-3.08318342593637
NEGAIIGLMVDGVVIA,-5.00966934678707
NIGAIIGLMVDGVVIA,-3.80035085100887
NNGAIIGLMVDGVVIA,-3.27226539733543
NRGAIIGLMVDGVVIA,-4.89836745479918
NKCAIIGLMVDGVVIA,-4.8855218949819
NKGPIIGLMVDGVVIA,-4.76979155080399
NKGSIIGLMVDGVVIA,-5.05227824281293
NKGTIIGLMVDGVVIA,-2.83843883632828
NKGVIIGLMVDGVVIA,-1.82169567309269
NKGAFIGLMVDGVVIA,-4.78576152956057
NKGANIGLMVDGVVIA,-5.10565331803111
NKGATIGLMVDGVVIA,-3.76089276412593
NKGAVIGLMVDGVVIA,-4.18977964330917
NKGAINGLMVDGVVIA,-3.93677312539572
NKGAITGLMVDGVVIA,-4.04311101449675
NKGAIVGLMVDGVVIA,-4.01820447528239
NKGAIIELMVDGVVIA,-3.99289760413137
NKGAIIRLMVDGVVIA,-5.02260247466682
NKGAIIGHMVDGVVIA,-5.41174362162536
NKGAIIGPMVDGVVIA,-3.5020388042735
NKGAIIGLIVDGVVIA,-3.87886503978977
NKGAIIGLKVDGVVIA,-4.38795150078848
NKGAIIGLLVDGVVIA,-3.34460189079542
NKGAIIGLTVDGVVIA,-5.38590118976139
NKGAIIGLVVDGVVIA,-4.42179101224226
NKGAIIGLMADGVVIA,-1.49038499708202
NKGAIIGLMEDGVVIA,-4.77727748781979
NKGAIIGLMLDGVVIA,-4.79341660889664
NKGAIIGLMMDGVVIA,-3.88878716461839
DKGAIIGLMVRGVVIA,-4.36186508927536
YKGAIIGLMVRGVVIA,-2.96715530522691
NIGAIIGLMVRGVVIA,-5.07914281934499
NNGAIIGLMVRGVVIA,-3.44001206540139
NRGAIIGLMVRGVVIA,-3.19819951866859
NKGAVIGLMVRGVVIA,-3.05476696498254
NKGAITGLMVRGVVIA,-1.32754020139956
NKGAIIGHMVRGVVIA,-5.06923071508359
NKGAIIGIMVRGVVIA,-4.55500558545165
DKGAIIGLMVSGVVIA,-4.69569781376664
IKGAIIGLMVSGVVIA,-3.15081310120649
SKGAIIGLMVSGVVIA,-3.95895644585153
YKGAIIGLMVSGVVIA,-2.58944049564096
NEGAIIGLMVSGVVIA,-3.65373103870725
NIGAIIGLMVSGVVIA,-4.31282766233202
NNGAIIGLMVSGVVIA,-3.24980658458383
NRGAIIGLMVSGVVIA,-1.98624618479165
NKAAIIGLMVSGVVIA,-4.62911355760537
NKCAIIGLMVSGVVIA,-4.00043246962486
NKSAIIGLMVSGVVIA,-4.62000580157934
NKGEIIGLMVSGVVIA,-4.54529341895424
NKGTIIGLMVSGVVIA,-2.58348000226579
NKGVIIGLMVSGVVIA,-1.0356246171635
NKGAFIGLMVSGVVIA,-4.44569874180144
NKGANIGLMVSGVVIA,-4.09891372485569
NKGATIGLMVSGVVIA,-4.02766815418085
NKGAVIGLMVSGVVIA,-4.76294204866554
NKGAIFGLMVSGVVIA,-2.5847633357368
NKGAINGLMVSGVVIA,-5.29552053260012
NKGAITGLMVSGVVIA,-4.14406008542483
NKGAIVGLMVSGVVIA,-5.20985319313959
NKGAIIALMVSGVVIA,-4.70037986192233
NKGAIIELMVSGVVIA,-5.41594622224263
NKGAIIRLMVSGVVIA,-3.41650091855146
NKGAIIGFMVSGVVIA,-3.43668711307844
NKGAIIGHMVSGVVIA,-5.44325603695971
NKGAIIGPMVSGVVIA,-3.86984839005791
NKGAIIGLIVSGVVIA,-3.85633933127283
NKGAIIGLKVSGVVIA,-4.16252162477375
NKGAIIGLLVSGVVIA,-2.67040039237237
NKGAIIGLTVSGVVIA,-4.00176045162666
NKGAIIGLVVSGVVIA,-4.22934965230511
NKGAIIGLMASGVVIA,-4.35052947350042
NKGAIIGLMESGVVIA,-2.67655359136004
NKGAIIGLMMSGVVIA,-3.60857160478007
DKGAIIGLMVVGVVIA,-4.54817717212292
IKGAIIGLMVVGVVIA,-3.83881677845897
SKGAIIGLMVVGVVIA,-2.51815904152742
YKGAIIGLMVVGVVIA,-3.59822060581251
NIGAIIGLMVVGVVIA,-4.24422718840499
NNGAIIGLMVVGVVIA,-3.01952388263876
NRGAIIGLMVVGVVIA,-3.92093443517283
NKCAIIGLMVVGVVIA,-3.66718036980787
NKDAIIGLMVVGVVIA,-2.18413946587545
NKGTIIGLMVVGVVIA,-2.65010917368866
NKGVIIGLMVVGVVIA,-2.04826983202464
NKGAFIGLMVVGVVIA,-5.17620049588394
NKGANIGLMVVGVVIA,-1.62743480160278
NKGATIGLMVVGVVIA,-4.54534367453991
NKGAVIGLMVVGVVIA,-4.42553436795853
NKGAIFGLMVVGVVIA,-3.29500494965605
NKGAINGLMVVGVVIA,-2.82440731098074
NKGAITGLMVVGVVIA,-2.20710207121239
NKGAIVGLMVVGVVIA,-0.851208858260571
NKGAIIELMVVGVVIA,-0.778965955895309
NKGAIIGFMVVGVVIA,-3.53590082035898
NKGAIIGHMVVGVVIA,-4.70194685087802
NKGAIIGPMVVGVVIA,-4.77494786046332
NKGAIIGLIVVGVVIA,-4.93978250851721
NKGAIIGLKVVGVVIA,-4.87345931657018
NKGAIIGLLVVGVVIA,-4.42048771557003
NKGAIIGLVVVGVVIA,-4.65716140282321
NKGAIIGLMAVGVVIA,-4.77814913676586
NKGAIIGLMEVGVVIA,-3.36409346872918
NKGAIIGLMMVGVVIA,-3.63887083303321
YKGAIIGLMVGAVVIA,-4.89422130801861
NIGAIIGLMVGAVVIA,-4.97320971933724
NKGANIGLMVGAVVIA,-4.8595643571736
DKGAIIGLMVGCVVIA,-2.32703607077395
IKGAIIGLMVGCVVIA,-0.688540560134227
SKGAIIGLMVGCVVIA,-3.9534743157415
TKGAIIGLMVGCVVIA,-4.31026042179291
YKGAIIGLMVGCVVIA,-1.7971443016192
NEGAIIGLMVGCVVIA,-2.87276530288998
NIGAIIGLMVGCVVIA,-3.59838989362124
NNGAIIGLMVGCVVIA,-1.0434590429214
NRGAIIGLMVGCVVIA,-2.18164109025184
NTGAIIGLMVGCVVIA,-2.09653212667019
NKCAIIGLMVGCVVIA,-1.73779600256047
NKDAIIGLMVGCVVIA,-4.63995903615212
NKRAIIGLMVGCVVIA,-4.71463573104353
NKSAIIGLMVGCVVIA,-2.35631990490715
NKVAIIGLMVGCVVIA,-1.78669680034086
NKGEIIGLMVGCVVIA,-4.14547537502674
NKGGIIGLMVGCVVIA,-2.74619616661777
NKGPIIGLMVGCVVIA,-0.0100215400284752
NKGSIIGLMVGCVVIA,-1.18217620533341
NKGTIIGLMVGCVVIA,-0.0811396433577101
NKGVIIGLMVGCVVIA,-0.549801931712478
NKGAFIGLMVGCVVIA,-3.23621211203803
NKGANIGLMVGCVVIA,0.520282698686666
NKGATIGLMVGCVVIA,-1.46601645846727
NKGAVIGLMVGCVVIA,-0.474868428800809
NKGAIFGLMVGCVVIA,-2.49058867871795
NKGAINGLMVGCVVIA,-1.95350586558762
NKGAITGLMVGCVVIA,-2.76870511623513
NKGAIVGLMVGCVVIA,-0.460651384271808
NKGAIIELMVGCVVIA,-3.22790465434624
NKGAIIRLMVGCVVIA,-4.38086448178646
NKGAIIVLMVGCVVIA,-4.79626861687992
NKGAIIGFMVGCVVIA,-2.84357004940864
NKGAIIGHMVGCVVIA,-0.426578088048698
NKGAIIGIMVGCVVIA,-1.73881902355419
NKGAIIGPMVGCVVIA,-1.39093391807768
NKGAIIGRMVGCVVIA,-1.54362115387828
NKGAIIGVMVGCVVIA,-3.06635239491483
NKGAIIGLIVGCVVIA,-4.2893136691956
NKGAIIGLKVGCVVIA,-4.00140346627689
NKGAIIGLLVGCVVIA,-3.06604635345689
NKGAIIGLTVGCVVIA,-4.51127696128688
NKGAIIGLVVGCVVIA,-2.64035046748414
NKGAIIGLMAGCVVIA,-1.61717334403035
NKGAIIGLMEGCVVIA,-4.24171986836744
NKGAIIGLMLGCVVIA,-3.27139854283338
NKGAIIGLMMGCVVIA,-1.30610730515606
NKGAIIGLMVACVVIA,-3.3524724906801
NKGAIIGLMVCCVVIA,-3.18413927422252
NKGAIIGLMVDCVVIA,-2.6741285353175
NKGAIIGLMVSCVVIA,-3.6471220970653
NKGAIIGLMVVCVVIA,-3.15542424369386
DKGAIIGLMVGDVVIA,-5.30392969853435
IKGAIIGLMVGDVVIA,0.88993101005163
SKGAIIGLMVGDVVIA,-4.92684911363668
YKGAIIGLMVGDVVIA,-0.663911194440449
NEGAIIGLMVGDVVIA,-4.80554815722886
NIGAIIGLMVGDVVIA,-3.08846410209436
NNGAIIGLMVGDVVIA,-2.85875278992873
NRGAIIGLMVGDVVIA,-1.767269879847
NKCAIIGLMVGDVVIA,-2.67242869693414
NKDAIIGLMVGDVVIA,-4.78971438884939
NKSAIIGLMVGDVVIA,-5.04641312336054
NKGEIIGLMVGDVVIA,-4.92124998040653
NKGPIIGLMVGDVVIA,-0.404222407436832
NKGTIIGLMVGDVVIA,-1.88030134771787
NKGVIIGLMVGDVVIA,-0.810745071564211
NKGAFIGLMVGDVVIA,-5.41318196160349
NKGANIGLMVGDVVIA,-4.07462984884628
NKGATIGLMVGDVVIA,-3.24055547460309
NKGAVIGLMVGDVVIA,-2.92099506250611
NKGAIFGLMVGDVVIA,-4.48541024931798
NKGAINGLMVGDVVIA,-2.16880692706722
NKGAITGLMVGDVVIA,-4.66610507751295
NKGAIVGLMVGDVVIA,-4.10048269854237
NKGAIIELMVGDVVIA,-3.69851276005081
NKGAIIRLMVGDVVIA,-4.69635451333101
NKGAIIGFMVGDVVIA,-1.28055497414047
NKGAIIGHMVGDVVIA,-3.29071049447969
NKGAIIGIMVGDVVIA,-3.68506861637207
NKGAIIGPMVGDVVIA,-5.76281716608475
NKGAIIGVMVGDVVIA,-1.90684548054557
NKGAIIGLIVGDVVIA,-0.999074421214897
NKGAIIGLKVGDVVIA,-4.52958538849064
NKGAIIGLLVGDVVIA,-2.49627656200159
NKGAIIGLTVGDVVIA,-3.9397058374164
NKGAIIGLVVGDVVIA,-0.254337407251869
NKGAIIGLMAGDVVIA,-2.8879570941981
NKGAIIGLMEGDVVIA,-3.1277115528589
NKGAIIGLMLGDVVIA,-2.74265717337717
NKGAIIGLMMGDVVIA,-1.86138616388359
NKGAIIGLMVCDVVIA,-3.15500073205366
NKGAIIGLMVDDVVIA,-2.64219148682834
NKGAIIGLMVSDVVIA,-4.67893889267795
IKGAIIGLMVGRVVIA,-3.82263769173842
YKGAIIGLMVGRVVIA,-3.33401196458467
NKCAIIGLMVGRVVIA,-4.45775384423295
NKGVIIGLMVGRVVIA,-2.0992555199551
NKGAFIGLMVGRVVIA,-4.30506384098271
NKGAITGLMVGRVVIA,-4.89422130801861
NKGAIVGLMVGRVVIA,-3.91286882557588
NKGAIIGHMVGRVVIA,-5.09239823660236
NKGAIIGLLVGRVVIA,-4.76979155080399
NKGAIIGLMEGRVVIA,-5.18872934554079
NKGAIIGLMVCRVVIA,-4.08151214829304
DKGAIIGLMVGSVVIA,-3.53203103013205
IKGAIIGLMVGSVVIA,-0.576689209055698
SKGAIIGLMVGSVVIA,-3.61063977227564
YKGAIIGLMVGSVVIA,-2.05047775369695
NEGAIIGLMVGSVVIA,-5.13298173979784
NIGAIIGLMVGSVVIA,-3.04617023775157
NNGAIIGLMVGSVVIA,-2.90298275763568
NRGAIIGLMVGSVVIA,-3.2833344563538
NTGAIIGLMVGSVVIA,-4.57405378042234
NKCAIIGLMVGSVVIA,-2.73611422031191
NKDAIIGLMVGSVVIA,-5.53234216612924
NKSAIIGLMVGSVVIA,-3.94193039323677
NKGGIIGLMVGSVVIA,-2.97978159700768
NKGSIIGLMVGSVVIA,-4.28885386008003
NKGTIIGLMVGSVVIA,-0.952306598932311
NKGVIIGLMVGSVVIA,-0.533398184210926
NKGAFIGLMVGSVVIA,-4.93554982166865
NKGANIGLMVGSVVIA,-2.78571929591709
NKGATIGLMVGSVVIA,-4.63025123328454
NKGAVIGLMVGSVVIA,-2.85261239578951
NKGAIFGLMVGSVVIA,-4.72171077639697
NKGAINGLMVGSVVIA,-4.18653178573796
NKGAITGLMVGSVVIA,-4.30755027987436
NKGAIVGLMVGSVVIA,-0.778715085927826
NKGAIIELMVGSVVIA,-4.89056289653799
NKGAIIRLMVGSVVIA,-2.45818381821286
NKGAIIVLMVGSVVIA,-4.0030249698981
NKGAIIGFMVGSVVIA,-3.59923282106502
NKGAIIGHMVGSVVIA,-3.28198533630852
NKGAIIGIMVGSVVIA,-2.45332416007518
NKGAIIGPMVGSVVIA,-4.17142072665162
NKGAIIGLIVGSVVIA,-3.26689802705422
NKGAIIGLKVGSVVIA,-4.82774622640132
NKGAIIGLLVGSVVIA,-2.01555386768173
NKGAIIGLTVGSVVIA,-4.14127037546418
NKGAIIGLVVGSVVIA,-2.50269559274537
NKGAIIGLMAGSVVIA,-4.457137580467
NKGAIIGLMEGSVVIA,-4.2996182115502
NKGAIIGLMLGSVVIA,-3.10553824912687
NKGAIIGLMMGSVVIA,-3.97069645141326
NKGAIIGLMVCSVVIA,-3.40422135019602
NKGAIIGLMVDSVVIA,-4.40140902648615
NKGAIIGLMVRSVVIA,-5.33996031526471
NKGAIIGLMVSSVVIA,-4.46528839669984
NKGAIIGLMVVSVVIA,-4.29692882374941
DKGAIIGLMVGVVVIA,-5.02260247466682
IKGAIIGLMVGVVVIA,-2.35465354989394
YKGAIIGLMVGVVVIA,-3.77852683804836
NIGAIIGLMVGVVVIA,-4.77814913676586
NNGAIIGLMVGVVVIA,-4.53604277045761
NKGAIIGHMVGVVVIA,-1.98371719826407
NKGAIIGLMVCVVVIA,-4.05893215474817
DKGAIIGLMVGGAVIA,-5.32545656298064
IKGAIIGLMVGGAVIA,-3.19890166800226
SKGAIIGLMVGGAVIA,-3.27567497851766
YKGAIIGLMVGGAVIA,-2.46860163390212
NEGAIIGLMVGGAVIA,-3.01833165834658
NIGAIIGLMVGGAVIA,-4.35782701104274
NNGAIIGLMVGGAVIA,-3.62674991624582
NRGAIIGLMVGGAVIA,-2.84401214730513
NKAAIIGLMVGGAVIA,-3.25658373572251
NKCAIIGLMVGGAVIA,-3.80152474208532
NKDAIIGLMVGGAVIA,-4.09582659659056
NKGTIIGLMVGGAVIA,-2.68067759379874
NKGVIIGLMVGGAVIA,-1.12675511704733
NKGAFIGLMVGGAVIA,-3.06058001794427
NKGANIGLMVGGAVIA,-4.61995235594648
NKGATIGLMVGGAVIA,-3.49220117845873
NKGAVIGLMVGGAVIA,-4.40503702416784
NKGAIFGLMVGGAVIA,-4.74689659326175
NKGAINGLMVGGAVIA,-5.15686613834885
NKGAITGLMVGGAVIA,-4.81913475818829
NKGAIVGLMVGGAVIA,-4.16278312033645
NKGAIIELMVGGAVIA,-4.99201905129474
NKGAIIRLMVGGAVIA,-4.96735612084077
NKGAIIGFMVGGAVIA,-3.92206644804786
NKGAIIGHMVGGAVIA,-4.55325211898359
NKGAIIGIMVGGAVIA,-3.13320199338469
NKGAIIGPMVGGAVIA,-6.0064392487425
NKGAIIGRMVGGAVIA,0.481282574935533
NKGAIIGLIVGGAVIA,-4.18066401506963
NKGAIIGLKVGGAVIA,-4.62640434301901
NKGAIIGLLVGGAVIA,-4.63834892291688
NKGAIIGLTVGGAVIA,-4.60696066357445
NKGAIIGLVVGGAVIA,-4.52531167366351
NKGAIIGLMAGGAVIA,-4.61225347084342
NKGAIIGLMEGGAVIA,-3.83261900536891
NKGAIIGLMMGGAVIA,-3.66536596023744
NKGAIIGLMVAGAVIA,-4.55500558545165
NKGAIIGLMVCGAVIA,-3.93849143526833
NKGAIIGLMVDGAVIA,-5.21888238371148
NKGAIIGLMVVGAVIA,-2.12725734950359
NKGAIIGLMVGAAVIA,-4.02148855048358
NKGAIIGLMVGCAVIA,-5.26187501254719
NKGAIIGLMVGDAVIA,-3.66525233727807
NKGAIIGLMVGSAVIA,-4.11875515735367
DKGAIIGLMVGGDVIA,-4.01744914969342
IKGAIIGLMVGGDVIA,-3.10766906808654
SKGAIIGLMVGGDVIA,-3.41235436897221
YKGAIIGLMVGGDVIA,-3.20056586964251
NEGAIIGLMVGGDVIA,-3.46951307218786
NIGAIIGLMVGGDVIA,-2.95004388821509
NNGAIIGLMVGGDVIA,-4.75524000278206
NRGAIIGLMVGGDVIA,-4.82851234878522
NTGAIIGLMVGGDVIA,-3.94172606142224
NKCAIIGLMVGGDVIA,-3.80276970489194
NKDAIIGLMVGGDVIA,-5.70448712974347
NKSAIIGLMVGGDVIA,-3.61602344237542
NKVAIIGLMVGGDVIA,-3.31520636201717
NKGGIIGLMVGGDVIA,-4.86644174391153
NKGSIIGLMVGGDVIA,-5.1784728453736
NKGTIIGLMVGGDVIA,-1.28328031296376
NKGVIIGLMVGGDVIA,-0.599398501513491
NKGAFIGLMVGGDVIA,-5.54648439309022
NKGAMIGLMVGGDVIA,-3.82263769173842
NKGANIGLMVGGDVIA,-4.83472184944985
NKGATIGLMVGGDVIA,-5.59306938169034
NKGAVIGLMVGGDVIA,-3.58120625905109
NKGAIFGLMVGGDVIA,-4.73625819505669
NKGAIMGLMVGGDVIA,-5.22873468015449
NKGAINGLMVGGDVIA,-5.55456335902603
NKGAITGLMVGGDVIA,-4.04623784209377
NKGAIVGLMVGGDVIA,-4.47686194386777
NKGAIIELMVGGDVIA,-4.23031088966433
NKGAIIRLMVGGDVIA,-4.62014488762261
NKGAIIVLMVGGDVIA,-4.57405378042234
NKGAIIGFMVGGDVIA,-2.25160429102331
NKGAIIGHMVGGDVIA,-5.39250366027139
NKGAIIGIMVGGDVIA,-4.09203562533902
NKGAIIGPMVGGDVIA,-5.87814076900094
NKGAIIGVMVGGDVIA,-4.43929331813752
NKGAIIGLIVGGDVIA,-4.78647665030798
NKGAIIGLKVGGDVIA,-5.96047956906741
NKGAIIGLLVGGDVIA,-4.79193073707118
NKGAIIGLTVGGDVIA,-3.26250044153902
NKGAIIGLVVGGDVIA,-2.9174669277226
NKGAIIGLMAGGDVIA,-3.94523822157361
NKGAIIGLMEGGDVIA,-3.66403266156178
NKGAIIGLMLGGDVIA,-4.85225710891958
NKGAIIGLMMGGDVIA,-4.67383720066291
NKGAIIGLMVCGDVIA,-4.45615857861197
NKGAIIGLMVSGDVIA,-5.1304400161874
NKGAIIGLMVVGDVIA,-4.46097663580337
NKGAIIGLMVGCDVIA,-5.09254018889488
NKGAIIGLMVGDDVIA,-3.70829744422972
NKGAIIGLMVGRDVIA,-4.53558749959454
NKGAIIGLMVGSDVIA,-4.22387099432617
DKGAIIGLMVGGFVIA,-4.74689659326175
YKGAIIGLMVGGFVIA,-1.26040781460742
NIGAIIGLMVGGFVIA,-3.34788901831297
NRGAIIGLMVGGFVIA,-3.77852683804836
NKGAFIGLMVGGFVIA,-4.67121635781637
NKGAVIGLMVGGFVIA,-5.04641312336054
NKGAIIGHMVGGFVIA,-4.49368875147179
NKGAIIGLVVGGFVIA,-3.43697521092644
NKGAIIGLMVCGFVIA,-0.664330301700261
NKGAIIGLMVGCFVIA,-2.98707814327231
DKGAIIGLMVGGGVIA,-4.36043157350643
YKGAIIGLMVGGGVIA,-3.84793852693002
NNGAIIGLMVGGGVIA,-3.47544149175423
NKCAIIGLMVGGGVIA,-2.69858864933059
NKGTIIGLMVGGGVIA,-4.73089625191531
NKGAVIGLMVGGGVIA,-4.04844436047211
NKGAIIGHMVGGGVIA,-4.88042798588627
NKGAIIGLMMGGGVIA,-4.64681313470477
NKGAIIGLMVCGGVIA,-5.37444649133588
NKGAIIGLMVSGGVIA,-4.46449157791081
NKGAIIGLMVGCGVIA,-4.71463573104353
NKGAIIGLMVGDGVIA,-2.66809933289422
DKGAIIGLMVGGIVIA,-4.20660784115805
HKGAIIGLMVGGIVIA,0.126599777360129
IKGAIIGLMVGGIVIA,0.165549543742448
SKGAIIGLMVGGIVIA,-2.53664901001808
TKGAIIGLMVGGIVIA,-3.23111223739093
YKGAIIGLMVGGIVIA,0.277648465021282
NEGAIIGLMVGGIVIA,-2.54629982516627
NIGAIIGLMVGGIVIA,-0.902472295096722
NNGAIIGLMVGGIVIA,0.0810715993874653
NRGAIIGLMVGGIVIA,-0.329084337248616
NKCAIIGLMVGGIVIA,-1.20485724447979
NKDAIIGLMVGGIVIA,-3.08866851665822
NKGEIIGLMVGGIVIA,-3.98854888641441
NKGPIIGLMVGGIVIA,-2.48157062959236
NKGSIIGLMVGGIVIA,-2.81506235360026
NKGTIIGLMVGGIVIA,1.46327495525872
NKGVIIGLMVGGIVIA,1.35491645848509
NKGAFIGLMVGGIVIA,-1.82857254201648
NKGANIGLMVGGIVIA,-0.413045754634767
NKGATIGLMVGGIVIA,-0.369762812334661
NKGAVIGLMVGGIVIA,0.0873046714322582
NKGAIFGLMVGGIVIA,-2.5206250940533
NKGAINGLMVGGIVIA,-3.72097995376618
NKGAITGLMVGGIVIA,-4.24186361591254
NKGAIVGLMVGGIVIA,-1.365506721818
NKGAIIRLMVGGIVIA,-3.48846880577044
NKGAIIGFMVGGIVIA,0.155623474307629
NKGAIIGHMVGGIVIA,-3.1894098589213
NKGAIIGIMVGGIVIA,2.27243583798858
NKGAIIGPMVGGIVIA,-3.62685347234237
NKGAIIGLIVGGIVIA,-2.74030656880183
NKGAIIGLKVGGIVIA,-3.80030546521222
NKGAIIGLLVGGIVIA,-3.39789046475346
NKGAIIGLRVGGIVIA,-4.55500558545165
NKGAIIGLTVGGIVIA,-4.18769905053583
NKGAIIGLVVGGIVIA,-0.822104640307635
NKGAIIGLMAGGIVIA,-0.677086731503294
NKGAIIGLMEGGIVIA,-2.78614742697343
NKGAIIGLMLGGIVIA,1.17814530591482
NKGAIIGLMMGGIVIA,0.106369031585096
NKGAIIGLMVCGIVIA,0.453578969292029
NKGAIIGLMVDGIVIA,-4.37419354995637
NKGAIIGLMVSGIVIA,-3.40876095562584
NKGAIIGLMVVGIVIA,-4.91911253132053
NKGAIIGLMVGCIVIA,-1.81698622160266
NKGAIIGLMVGDIVIA,-1.8171328154267
NKGAIIGLMVGSIVIA,-2.58342606900261
DKGAIIGLMVGGLVIA,-5.35735205797658
IKGAIIGLMVGGLVIA,-2.47556404377181
YKGAIIGLMVGGLVIA,-2.33974852995333
NRGAIIGLMVGGLVIA,-3.13745868082765
NKGVIIGLMVGGLVIA,1.28379692717871
NKGAITGLMVGGLVIA,-4.73089625191531
NKGAIIELMVGGLVIA,-4.57405378042234
NKGAIIGLLVGGLVIA,-4.68129931077594
NKGAIIGLMVCGLVIA,-0.403091171408067
DKGAIIGLMVGGVAIA,-4.24987398111574
IKGAIIGLMVGGVAIA,-2.78820272992525
SKGAIIGLMVGGVAIA,-4.62582202143938
YKGAIIGLMVGGVAIA,-3.20961741949057
NEGAIIGLMVGGVAIA,-3.90320027472363
NIGAIIGLMVGGVAIA,-4.41591960400239
NNGAIIGLMVGGVAIA,-3.23051208665906
NRGAIIGLMVGGVAIA,-3.32957224131845
NKCAIIGLMVGGVAIA,-3.51377405242757
NKDAIIGLMVGGVAIA,-4.24703255670201
NKGPIIGLMVGGVAIA,-1.74319615005858
NKGSIIGLMVGGVAIA,-3.77415645283914
NKGTIIGLMVGGVAIA,-2.92481438151991
NKGVIIGLMVGGVAIA,-1.60542081624532
NKGAFIGLMVGGVAIA,-5.26049310679889
NKGANIGLMVGGVAIA,-5.07540066023379
NKGATIGLMVGGVAIA,-4.57477788883671
NKGAVIGLMVGGVAIA,-2.17886586752707
NKGAIFGLMVGGVAIA,-3.79468367199034
NKGAINGLMVGGVAIA,-4.09854077691876
NKGAITGLMVGGVAIA,-5.24210933307032
NKGAIVGLMVGGVAIA,-4.69907976374114
NKGAIIELMVGGVAIA,-4.7068023533314
NKGAIIGFMVGGVAIA,-4.9432288871253
NKGAIIGHMVGGVAIA,-4.52507493487286
NKGAIIGLIVGGVAIA,-3.30319185522564
NKGAIIGLKVGGVAIA,-4.9278945231252
NKGAIIGLLVGGVAIA,-3.42801250825727
NKGAIIGLTVGGVAIA,-4.84721977966615
NKGAIIGLVVGGVAIA,-5.40239798535972
NKGAIIGLMEGGVAIA,-5.69938642120515
NKGAIIGLMLGGVAIA,-2.98707814327231
NKGAIIGLMMGGVAIA,-3.84351821671048
NKGAIIGLMVCGVAIA,-3.51811667672577
NKGAIIGLMVDGVAIA,-3.60805293390261
NKGAIIGLMVSGVAIA,-5.80085896079895
NKGAIIGLMVVGVAIA,-4.8595643571736
NKGAIIGLMVGCVAIA,-3.58502685867293
NKGAIIGLMVGDVAIA,-4.01120421809636
NKGAIIGLMVGSVAIA,-1.18316063887922
NKGAIIGLMVGGAAIA,-4.40709889456865
NKGAIIGLMVGGDAIA,-4.14149338834037
NKGAIIGLMVGGIAIA,-3.70984219759308
DKGAIIGLMVGGVDIA,-4.51300619528891
HKGAIIGLMVGGVDIA,-5.0388946345693
IKGAIIGLMVGGVDIA,-3.69961094796175
SKGAIIGLMVGGVDIA,-3.96896517549364
TKGAIIGLMVGGVDIA,-4.62911355760537
YKGAIIGLMVGGVDIA,-3.67433572542387
NEGAIIGLMVGGVDIA,-3.29760164955323
NIGAIIGLMVGGVDIA,-3.02025484232059
NNGAIIGLMVGGVDIA,-4.13876168878387
NRGAIIGLMVGGVDIA,-3.69724561828579
NKAAIIGLMVGGVDIA,-2.46036405415983
NKCAIIGLMVGGVDIA,-3.76496167230516
NKDAIIGLMVGGVDIA,-3.86116196718303
NKSAIIGLMVGGVDIA,-5.29173465312984
NKVAIIGLMVGGVDIA,-2.11167390194806
NKGEIIGLMVGGVDIA,-4.96638912676666
NKGGIIGLMVGGVDIA,-3.20451483764632
NKGSIIGLMVGGVDIA,-1.4853096503005
NKGTIIGLMVGGVDIA,-3.37813710479425
NKGVIIGLMVGGVDIA,-0.854256100840718
NKGAFIGLMVGGVDIA,-3.55483952834997
NKGAMIGLMVGGVDIA,-4.68590377843864
NKGANIGLMVGGVDIA,-4.2960597806476
NKGATIGLMVGGVDIA,-4.00159532320673
NKGAVIGLMVGGVDIA,-4.1939801981744
NKGAIFGLMVGGVDIA,-4.51578487229837
NKGAINGLMVGGVDIA,-5.38476676895145
NKGAITGLMVGGVDIA,-5.76206088143279
NKGAIVGLMVGGVDIA,-4.30976734162893
NKGAIIALMVGGVDIA,-4.25442010816396
NKGAIIELMVGGVDIA,-2.09141237486949
NKGAIIRLMVGGVDIA,-4.75480177276886
NKGAIIVLMVGGVDIA,-4.80845448626118
NKGAIIGFMVGGVDIA,-4.87425899150736
NKGAIIGHMVGGVDIA,-4.22988309345197
NKGAIIGIMVGGVDIA,-2.6677742047648
NKGAIIGPMVGGVDIA,-4.74699530957479
NKGAIIGRMVGGVDIA,-4.58840199118663
NKGAIIGVMVGGVDIA,-3.39179721827921
NKGAIIGLIVGGVDIA,-3.71944475203907
NKGAIIGLKVGGVDIA,-4.26579222644304
NKGAIIGLLVGGVDIA,-4.45269280602526
NKGAIIGLTVGGVDIA,-3.16471642884438
NKGAIIGLVVGGVDIA,-4.06573012797818
NKGAIIGLMAGGVDIA,-5.16096011434779
NKGAIIGLMEGGVDIA,-4.72276159389238
NKGAIIGLMLGGVDIA,-3.29119399439018
NKGAIIGLMMGGVDIA,-3.93183847809203
NKGAIIGLMVCGVDIA,-4.5917012710765
NKGAIIGLMVDGVDIA,-5.99728148161315
NKGAIIGLMVSGVDIA,-5.65242576479897
NKGAIIGLMVVGVDIA,-5.25772221702774
NKGAIIGLMVGCVDIA,-4.0550774348573
NKGAIIGLMVGDVDIA,-4.39574722204696
NKGAIIGLMVGRVDIA,-5.18217952937569
NKGAIIGLMVGSVDIA,-4.68494704898099
NKGAIIGLMVGGADIA,-3.57671731707024
NKGAIIGLMVGGDDIA,-4.50100772035645
NKGAIIGLMVGGGDIA,-4.76264495022989
NKGAIIGLMVGGIDIA,-3.93013753865813
NKGAIIGLMVGGLDIA,-4.43929331813752
DKGAIIGLMVGGVFIA,-4.87477849038005
YKGAIIGLMVGGVFIA,-3.56593500426352
NIGAIIGLMVGGVFIA,-4.47588173007259
NRGAIIGLMVGGVFIA,-1.21067403946428
NKDAIIGLMVGGVFIA,-4.62582202143938
NKGVIIGLMVGGVFIA,-0.0668060679312906
NKGAVIGLMVGGVFIA,-4.59274591343449
NKGAIIGHMVGGVFIA,-4.79341660889664
NKGAIIGLKVGGVFIA,-4.66420487741664
NKGAIIGLMEGGVFIA,-2.65145471023547
NKGAIIGLMVGCVFIA,-4.05374941270181
NKGAIIGLMVGDVFIA,-0.159076045608773
NKGAIIGLMVGGDFIA,-3.97386146579214
DKGAIIGLMVGGVGIA,-3.69933947539393
IKGAIIGLMVGGVGIA,-1.49361934167622
NRGAIIGLMVGGVGIA,-5.32226073816531
NKGTIIGLMVGGVGIA,-5.20893205285831
NKGAITGLMVGGVGIA,-4.20107412745867
NKGAIVGLMVGGVGIA,-3.14273573792849
NKGAIIGLVVGGVGIA,-3.27624926797159
NKGAIIGLMMGGVGIA,-4.65631133787575
NKGAIIGLMVGCVGIA,-4.04069513858009
NKGAIIGLMVGGDGIA,-3.72863960225428
DKGAIIGLMVGGVIIA,-5.33192629953121
IKGAIIGLMVGGVIIA,-1.48956380896853
SKGAIIGLMVGGVIIA,-3.7715235264086
YKGAIIGLMVGGVIIA,-0.765990675348024
NEGAIIGLMVGGVIIA,-4.59593580985386
NIGAIIGLMVGGVIIA,-3.06814383224629
NNGAIIGLMVGGVIIA,-2.00982812361504
NRGAIIGLMVGGVIIA,-2.24575598825565
NKAAIIGLMVGGVIIA,-1.48076364179752
NKCAIIGLMVGGVIIA,-1.40551735248061
NKDAIIGLMVGGVIIA,-3.80921467140628
NKSAIIGLMVGGVIIA,-4.83786837146748
NKGEIIGLMVGGVIIA,-5.48656378945659
NKGSIIGLMVGGVIIA,-3.36088455262671
NKGTIIGLMVGGVIIA,1.37765782775776
NKGVIIGLMVGGVIIA,1.16896060406884
NKGAFIGLMVGGVIIA,-3.69849098620084
NKGANIGLMVGGVIIA,-3.98244419703247
NKGATIGLMVGGVIIA,-1.46501735703542
NKGAVIGLMVGGVIIA,-2.63852374567187
NKGAIFGLMVGGVIIA,-3.64828430459364
NKGAINGLMVGGVIIA,-5.16468587307926
NKGAITGLMVGGVIIA,-4.27292752480619
NKGAIVGLMVGGVIIA,-1.48918175569612
NKGAIIELMVGGVIIA,-4.71465060395323
NKGAIIRLMVGGVIIA,-4.84214211958411
NKGAIIGFMVGGVIIA,-4.47030610290177
NKGAIIGHMVGGVIIA,-3.87162440730071
NKGAIIGIMVGGVIIA,0.275971269270139
NKGAIIGPMVGGVIIA,-4.48800617259324
NKGAIIGRMVGGVIIA,-3.09307824408903
NKGAIIGLIVGGVIIA,-2.74227487842956
NKGAIIGLKVGGVIIA,-4.75480177276886
NKGAIIGLLVGGVIIA,-4.39109715744351
NKGAIIGLTVGGVIIA,-4.70852430102708
NKGAIIGLVVGGVIIA,-0.836849132803124
NKGAIIGLMAGGVIIA,-4.23435603765387
NKGAIIGLMEGGVIIA,-3.30970629971347
NKGAIIGLMMGGVIIA,-0.713500996656126
NKGAIIGLMVCGVIIA,-2.09099730174648
NKGAIIGLMVDGVIIA,-5.38288535998175
NKGAIIGLMVSGVIIA,-3.98779559843039
NKGAIIGLMVVGVIIA,-3.53050126893726
NKGAIIGLMVGCVIIA,-1.84137101313689
NKGAIIGLMVGDVIIA,-2.12359848145136
NKGAIIGLMVGSVIIA,-1.51154844192454
NKGAIIGLMVGGAIIA,-5.3461300864641
NKGAIIGLMVGGDIIA,-5.07768435448137
NKGAIIGLMVGGIIIA,-1.22278402933473
DKGAIIGLMVGGVLIA,-3.54820084603666
IKGAIIGLMVGGVLIA,-3.9438272818876
NNGAIIGLMVGGVLIA,-1.64791068513591
NRGAIIGLMVGGVLIA,-4.51578487229837
NKGVIIGLMVGGVLIA,0.292591441044126
NKGAFIGLMVGGVLIA,-4.93449520715655
NKGATIGLMVGGVLIA,-1.37446728177604
NKGAVIGLMVGGVLIA,-3.02048798925438
NKGAIIGLKVGGVLIA,-5.05810916312373
NKGAIIGLMVCGVLIA,-2.34673117192884
NKGAIIGLMVVGVLIA,-4.37652280496486
NKGAIIGLMVGCVLIA,-2.83230875381977
NKGAIIGLMVGDVLIA,-2.96461586798824
NKGAIIGLMVGGALIA,-4.51578487229837
DKGAIIGLMVGGVVKA,-4.02189104787744
IKGAIIGLMVGGVVKA,-2.03252516470101
SKGAIIGLMVGGVVKA,-5.00906782114989
YKGAIIGLMVGGVVKA,-2.85546254582924
NEGAIIGLMVGGVVKA,-3.90775446935137
NIGAIIGLMVGGVVKA,-2.68827304296954
NNGAIIGLMVGGVVKA,-3.49053385192474
NRGAIIGLMVGGVVKA,-3.4135064864335
NKCAIIGLMVGGVVKA,-4.21335551057113
NKDAIIGLMVGGVVKA,-4.68228279897652
NKVAIIGLMVGGVVKA,-3.29500494965605
NKGGIIGLMVGGVVKA,-4.13012239148638
NKGSIIGLMVGGVVKA,-4.5061944226724
NKGTIIGLMVGGVVKA,-0.927959083200218
NKGVIIGLMVGGVVKA,-0.346160302229308
NKGAFIGLMVGGVVKA,-3.0593690219257
NKGANIGLMVGGVVKA,-5.73579349984966
NKGATIGLMVGGVVKA,-4.74283852434186
NKGAVIGLMVGGVVKA,-5.14789753373829
NKGAINGLMVGGVVKA,-3.15191040283622
NKGAITGLMVGGVVKA,-5.25384966681561
NKGAIVGLMVGGVVKA,-3.80823014045355
NKGAIIELMVGGVVKA,-3.95182573273079
NKGAIIGFMVGGVVKA,-3.96317685254505
NKGAIIGHMVGGVVKA,-5.55686521686506
NKGAIIGIMVGGVVKA,-1.93454087129488
NKGAIIGPMVGGVVKA,-5.13247139533234
NKGAIIGRMVGGVVKA,-4.61022371760011
NKGAIIGLIVGGVVKA,-3.98438367524412
NKGAIIGLKVGGVVKA,-4.82274009700168
NKGAIIGLLVGGVVKA,-4.29762886249519
NKGAIIGLTVGGVVKA,-4.2131833312214
NKGAIIGLVVGGVVKA,-3.517427440225
NKGAIIGLMAGGVVKA,-3.13211242272062
NKGAIIGLMEGGVVKA,-4.76256204221526
NKGAIIGLMLGGVVKA,-4.87175929975187
NKGAIIGLMMGGVVKA,-3.16856892864843
NKGAIIGLMVCGVVKA,-2.75016121564394
NKGAIIGLMVDGVVKA,-4.82068704589962
NKGAIIGLMVSGVVKA,-3.69110127777154
NKGAIIGLMVVGVVKA,-5.4190656684212
NKGAIIGLMVGCVVKA,-3.39529137100892
NKGAIIGLMVGDVVKA,-5.72879907694063
NKGAIIGLMVGSVVKA,-5.24311907537882
NKGAIIGLMVGGAVKA,-5.01048111413447
NKGAIIGLMVGGDVKA,-5.03407300053493
NKGAIIGLMVGGIVKA,-3.49687032464361
NKGAIIGLMVGGVAKA,-3.86880823835141
NKGAIIGLMVGGVDKA,-4.71143490703814
NKGAIIGLMVGGVIKA,-2.88699325708232
DKGAIIGLMVGGVVLA,-4.04170423353688
HKGAIIGLMVGGVVLA,-2.43634333061853
IKGAIIGLMVGGVVLA,-2.38249539608089
SKGAIIGLMVGGVVLA,-4.58825124853967
YKGAIIGLMVGGVVLA,-1.45893951589399
NEGAIIGLMVGGVVLA,-3.88453946140591
NIGAIIGLMVGGVVLA,-3.73098757965949
NNGAIIGLMVGGVVLA,-2.93308891056689
NQGAIIGLMVGGVVLA,-3.40202139346149
NRGAIIGLMVGGVVLA,-1.74258906295863
NTGAIIGLMVGGVVLA,-3.99151211103634
NKCAIIGLMVGGVVLA,-2.84877122923811
NKDAIIGLMVGGVVLA,-3.63094397383092
NKSAIIGLMVGGVVLA,-4.16959611332039
NKVAIIGLMVGGVVLA,-2.09714100204683
NKGEIIGLMVGGVVLA,-4.56101983590945
NKGGIIGLMVGGVVLA,-2.20800446875939
NKGPIIGLMVGGVVLA,-2.36771958346993
NKGSIIGLMVGGVVLA,-4.92906484820239
NKGTIIGLMVGGVVLA,-0.130128484007746
NKGVIIGLMVGGVVLA,0.62696945559798
NKGAFIGLMVGGVVLA,-4.26183473886134
NKGALIGLMVGGVVLA,-4.57405378042234
NKGAMIGLMVGGVVLA,-4.87175929975187
NKGANIGLMVGGVVLA,-3.86561434392341
NKGATIGLMVGGVVLA,-2.44371967903945
NKGAVIGLMVGGVVLA,-2.98573366808829
NKGAIFGLMVGGVVLA,-3.3031532633247
NKGAIMGLMVGGVVLA,-5.02260247466682
NKGAINGLMVGGVVLA,-4.09276416982685
NKGAITGLMVGGVVLA,-4.0848370418047
NKGAIVGLMVGGVVLA,-3.85559468958199
NKGAIIELMVGGVVLA,-4.78231102763491
NKGAIIRLMVGGVVLA,-3.91755440404649
NKGAIIGFMVGGVVLA,-2.67616795766688
NKGAIIGHMVGGVVLA,-4.70778994648168
NKGAIIGIMVGGVVLA,-0.26984168635776
NKGAIIGPMVGGVVLA,-3.88244783159851
NKGAIIGVMVGGVVLA,-1.86350460292939
NKGAIIGLIVGGVVLA,-3.74381029150241
NKGAIIGLKVGGVVLA,-4.64774424319441
NKGAIIGLLVGGVVLA,-4.4296985182663
NKGAIIGLTVGGVVLA,-5.45648875588197
NKGAIIGLVVGGVVLA,-2.72155955794542
NKGAIIGLMAGGVVLA,-4.62747294958394
NKGAIIGLMEGGVVLA,-3.56597281196409
NKGAIIGLMLGGVVLA,-1.05562351267621
NKGAIIGLMMGGVVLA,-1.94727552324222
NKGAIIGLMVAGVVLA,-4.68129931077594
NKGAIIGLMVCGVVLA,-1.65448836068344
NKGAIIGLMVDGVVLA,-1.71766525026308
NKGAIIGLMVRGVVLA,-4.79341660889664
NKGAIIGLMVSGVVLA,-4.80845448626118
NKGAIIGLMVVGVVLA,-3.85106279705764
NKGAIIGLMVGCVVLA,-2.04094175077884
NKGAIIGLMVGDVVLA,-2.99116053888995
NKGAIIGLMVGSVVLA,-2.65272536541362
NKGAIIGLMVGVVVLA,-5.13664821016175
NKGAIIGLMVGGAVLA,-3.21405784812619
NKGAIIGLMVGGDVLA,-4.4958034951202
NKGAIIGLMVGGIVLA,-1.66155413411061
NKGAIIGLMVGGVALA,-4.43049792788301
NKGAIIGLMVGGVDLA,-4.83614862768135
NKGAIIGLMVGGVILA,-4.38558816021528
NKGAIIGLMVGGVLLA,-4.56192306111496
DKGAIIGLMVGGVVMA,-4.11099808854708
IKGAIIGLMVGGVVMA,-1.62134331054368
SKGAIIGLMVGGVVMA,-4.39605480531591
YKGAIIGLMVGGVVMA,-0.807851553306891
NEGAIIGLMVGGVVMA,-3.97884548605411
NIGAIIGLMVGGVVMA,-3.6993025610709
NNGAIIGLMVGGVVMA,-2.47386388897523
NRGAIIGLMVGGVVMA,-2.6645389190288
NKCAIIGLMVGGVVMA,-1.35992801437484
NKDAIIGLMVGGVVMA,-4.64629697570836
NKSAIIGLMVGGVVMA,-3.76039895220872
NKGEIIGLMVGGVVMA,-4.87098000844893
NKGGIIGLMVGGVVMA,-4.29264132098416
NKGTIIGLMVGGVVMA,-0.784658961180906
NKGVIIGLMVGGVVMA,0.0884639130191394
NKGAFIGLMVGGVVMA,-3.48299700198841
NKGANIGLMVGGVVMA,-4.52413293655812
NKGATIGLMVGGVVMA,-2.99711532592142
NKGAVIGLMVGGVVMA,-3.58760673865149
NKGAIFGLMVGGVVMA,-4.25039789461531
NKGAINGLMVGGVVMA,-5.38185380057172
NKGAITGLMVGGVVMA,-3.7338064780318
NKGAIVGLMVGGVVMA,-3.8012698074984
NKGAIIELMVGGVVMA,-4.49758466938111
NKGAIIRLMVGGVVMA,-5.21888238371148
NKGAIIGFMVGGVVMA,-4.01631854261801
NKGAIIGHMVGGVVMA,-4.88192144734488
NKGAIIGIMVGGVVMA,-0.260793921615498
NKGAIIGPMVGGVVMA,-3.85219649397996
NKGAIIGRMVGGVVMA,-4.26679375625337
NKGAIIGVMVGGVVMA,-3.03710342197756
NKGAIIGLIVGGVVMA,-3.70763116127635
NKGAIIGLKVGGVVMA,-5.27277652496859
NKGAIIGLLVGGVVMA,-3.3365046805628
NKGAIIGLTVGGVVMA,-5.27563718259986
NKGAIIGLVVGGVVMA,-3.67312663664583
NKGAIIGLMAGGVVMA,-3.48807610996249
NKGAIIGLMEGGVVMA,-4.25452713866877
NKGAIIGLMMGGVVMA,-2.98102417484241
NKGAIIGLMVCGVVMA,-2.85233530108219
NKGAIIGLMVDGVVMA,-4.7300353284824
NKGAIIGLMVSGVVMA,-3.64604243228199
NKGAIIGLMVGAVVMA,-4.51578487229837
NKGAIIGLMVGCVVMA,-2.40929596615297
NKGAIIGLMVGDVVMA,-4.79626861687992
NKGAIIGLMVGSVVMA,-3.60055842889318
NKGAIIGLMVGGAVMA,-5.85603529491685
NKGAIIGLMVGGDVMA,-5.43194300826564
NKGAIIGLMVGGIVMA,-1.86867578377254
NKGAIIGLMVGGVAMA,-4.10508705664843
NKGAIIGLMVGGVDMA,-4.14099557406734
NKGAIIGLMVGGVIMA,-3.26411575199896
NRGAIIGLMVGGVVRA,-3.37060037651974
NKGAVIGLMVGGVVRA,-3.79633385944756
DKGAIIGLMVGGVVTA,-4.87999517651361
IKGAIIGLMVGGVVTA,-3.45220559694068
SKGAIIGLMVGGVVTA,-5.14806864307323
YKGAIIGLMVGGVVTA,-2.12995891849316
NEGAIIGLMVGGVVTA,-4.55043260518455
NIGAIIGLMVGGVVTA,-3.4431909512192
NNGAIIGLMVGGVVTA,-4.49702034450075
NRGAIIGLMVGGVVTA,-4.36613194678282
NKCAIIGLMVGGVVTA,-4.44840798059844
NKDAIIGLMVGGVVTA,-5.23849085509985
NKGGIIGLMVGGVVTA,-4.84721977966615
NKGSIIGLMVGGVVTA,-2.83854592833475
NKGTIIGLMVGGVVTA,-3.28699430048187
NKGVIIGLMVGGVVTA,-1.11026865963788
NKGAFIGLMVGGVVTA,-4.02850634798823
NKGATIGLMVGGVVTA,-5.16811005833805
NKGAVIGLMVGGVVTA,-4.91436417419563
NKGAIFGLMVGGVVTA,-3.7396653933892
NKGAINGLMVGGVVTA,-3.51066292671759
NKGAITGLMVGGVVTA,-4.50131104905776
NKGAIVGLMVGGVVTA,-5.67012656165737
NKGAIIELMVGGVVTA,-5.42404343247525
NKGAIIRLMVGGVVTA,-5.22420156960359
NKGAIIVLMVGGVVTA,-3.98815213021599
NKGAIIGFMVGGVVTA,-3.93436177416324
NKGAIIGHMVGGVVTA,-5.58814435299491
NKGAIIGIMVGGVVTA,-2.7870002022317
NKGAIIGPMVGGVVTA,-4.48015769465521
NKGAIIGLIVGGVVTA,-3.63474899593175
NKGAIIGLKVGGVVTA,-5.01637045864248
NKGAIIGLLVGGVVTA,-5.499365450736
NKGAIIGLTVGGVVTA,-4.95410844040793
NKGAIIGLVVGGVVTA,-4.67423379010387
NKGAIIGLMAGGVVTA,-1.99206364382653
NKGAIIGLMEGGVVTA,-3.8341766363542
NKGAIIGLMGGGVVTA,-4.68129931077594
NKGAIIGLMLGGVVTA,-3.1520871439785
NKGAIIGLMMGGVVTA,-3.90764580866063
NKGAIIGLMVCGVVTA,-3.8274196630406
NKGAIIGLMVDGVVTA,-5.06034959228552
NKGAIIGLMVRGVVTA,-4.82326957204632
NKGAIIGLMVSGVVTA,-4.68116507982847
NKGAIIGLMVVGVVTA,-4.71709187739215
NKGAIIGLMVGCVVTA,-3.54599514554799
NKGAIIGLMVGDVVTA,-4.92015673758613
NKGAIIGLMVGSVVTA,-4.66418931941255
NKGAIIGLMVGGAVTA,-5.63223665446271
NKGAIIGLMVGGDVTA,-4.05534748997817
NKGAIIGLMVGGIVTA,-4.1437176542258
NKGAIIGLMVGGLVTA,-4.01729571192901
NKGAIIGLMVGGVATA,-3.88060360654649
NKGAIIGLMVGGVDTA,-3.43088000608972
NKGAIIGLMVGGVITA,-3.71345566237961
DKGAIIGLMVGGVVVA,-5.03813843645373
HKGAIIGLMVGGVVVA,-3.78181569721816
IKGAIIGLMVGGVVVA,-1.46101878893085
SKGAIIGLMVGGVVVA,-4.34884945598622
TKGAIIGLMVGGVVVA,-4.08576228994317
YKGAIIGLMVGGVVVA,-2.19441782420546
NEGAIIGLMVGGVVVA,-3.91873839906032
NIGAIIGLMVGGVVVA,-3.85836877287933
NNGAIIGLMVGGVVVA,-3.59721957048953
NQGAIIGLMVGGVVVA,-4.31357967139867
NRGAIIGLMVGGVVVA,-2.93511846699188
NKCAIIGLMVGGVVVA,-3.61974128769938
NKDAIIGLMVGGVVVA,-3.82127351879364
NKSAIIGLMVGGVVVA,-4.64649142218885
NKGEIIGLMVGGVVVA,-3.97105769685669
NKGPIIGLMVGGVVVA,-3.77229996190634
NKGSIIGLMVGGVVVA,-2.19396841737643
NKGTIIGLMVGGVVVA,-1.33803000329591
NKGVIIGLMVGGVVVA,-0.327163776522989
NKGAFIGLMVGGVVVA,-4.05515430101287
NKGAMIGLMVGGVVVA,-4.47588173007259
NKGANIGLMVGGVVVA,-3.62356070482352
NKGATIGLMVGGVVVA,-2.22652586081609
NKGAVIGLMVGGVVVA,-3.77674564306926
NKGAIFGLMVGGVVVA,-4.84471420972482
NKGAINGLMVGGVVVA,-5.6994144295335
NKGAITGLMVGGVVVA,-2.24485041983918
NKGAIVGLMVGGVVVA,-4.61087183489427
NKGAIIELMVGGVVVA,-4.53795926953601
NKGAIIRLMVGGVVVA,-4.46367684294573
NKGAIIVLMVGGVVVA,-2.98228784993591
NKGAIIGFMVGGVVVA,-3.50911064887098
NKGAIIGHMVGGVVVA,-3.990900733043
NKGAIIGIMVGGVVVA,-1.80967109130527
NKGAIIGPMVGGVVVA,-4.56499116893221
NKGAIIGRMVGGVVVA,-5.51856567283814
NKGAIIGVMVGGVVVA,-3.02634044260495
NKGAIIGLIVGGVVVA,-4.27829537780733
NKGAIIGLKVGGVVVA,-5.11816470849676
NKGAIIGLLVGGVVVA,-2.72786124116186
NKGAIIGLTVGGVVVA,-5.87148934261441
NKGAIIGLVVGGVVVA,-4.20144919139756
NKGAIIGLMAGGVVVA,-3.49568797558314
NKGAIIGLMEGGVVVA,-3.96862301858061
NKGAIIGLMGGGVVVA,-3.93596637704542
NKGAIIGLMLGGVVVA,-2.53455767801564
NKGAIIGLMMGGVVVA,-2.57209318644905
NKGAIIGLMVCGVVVA,-3.58887036392889
NKGAIIGLMVDGVVVA,-4.46473178881304
NKGAIIGLMVSGVVVA,-4.59530248913393
NKGAIIGLMVVGVVVA,-5.21846864174713
NKGAIIGLMVGCVVVA,-3.99157504209473
NKGAIIGLMVGDVVVA,-4.08870099323512
NKGAIIGLMVGRVVVA,-5.11702884058262
NKGAIIGLMVGSVVVA,-1.71727114111341
NKGAIIGLMVGVVVVA,-4.77814913676586
NKGAIIGLMVGGAVVA,-2.68662256394945
NKGAIIGLMVGGDVVA,-2.28959448437065
NKGAIIGLMVGGGVVA,-5.34869399523347
NKGAIIGLMVGGIVVA,-3.42534107357461
NKGAIIGLMVGGLVVA,-3.66451019725114
NKGAIIGLMVGGVAVA,-3.86752230653803
NKGAIIGLMVGGVDVA,-3.80373526089261
NKGAIIGLMVGGVGVA,-5.12555044391926
NKGAIIGLMVGGVIVA,-4.75480177276887
NKGAIIGLMVGGVLVA,-4.68590377843864
DKGAIIGLMVGGVVIE,-3.02210085390052
IKGAIIGLMVGGVVIE,-2.89234288111319
YKGAIIGLMVGGVVIE,-2.431596194997
NIGAIIGLMVGGVVIE,-3.89029634021223
NNGAIIGLMVGGVVIE,-3.9553127020746
NRGAIIGLMVGGVVIE,-3.12167178561112
NKCAIIGLMVGGVVIE,-4.08576228994317
NKGTIIGLMVGGVVIE,-1.53137571900759
NKGVIIGLMVGGVVIE,-1.57817813181382
NKGAFIGLMVGGVVIE,-4.22810279984658
NKGATIGLMVGGVVIE,-4.22810279984658
NKGAVIGLMVGGVVIE,-4.82326957204632
NKGAITGLMVGGVVIE,-3.75364482025147
NKGAIIGHMVGGVVIE,-4.42993445581718
NKGAIIGIMVGGVVIE,-3.18775941930245
NKGAIIGLIVGGVVIE,-4.38178792732077
NKGAIIGLTVGGVVIE,-1.73516397836132
NKGAIIGLVVGGVVIE,-3.94570180091116
NKGAIIGLMAGGVVIE,-3.79633385944756
NKGAIIGLMEGGVVIE,-3.22219990928274
NKGAIIGLMMGGVVIE,-2.58757073040908
NKGAIIGLMVCGVVIE,-2.6017658617537
NKGAIIGLMVDGVVIE,-3.67181480200384
NKGAIIGLMVSGVVIE,-4.56192306111496
NKGAIIGLMVGCVVIE,-3.98964672149502
NKGAIIGLMVGDVVIE,-4.16959611332039
NKGAIIGLMVGSVVIE,-2.7392928752011
NKGAIIGLMVGGDVIE,-3.95366595414482
NKGAIIGLMVGGVDIE,-4.69100717570182
NKGAIIGLMVGGVIIE,-4.32945529410687
NKGAIIGLMVGGVVKE,-3.23256269631829
NKGAIIGLMVGGVVLE,-4.22491342712235
NKGAIIGLMVGGVVME,-1.87672754268311
NKGAIIGLMVGGVVTE,-4.01729571192901
NKGAIIGLMVGGVVVE,-5.50160166682113
IKGAIIGLMVGGVVIG,-0.728925009824225
NEGAIIGLMVGGVVIG,-3.2248006909828
NRGAIIGLMVGGVVIG,-4.74259880236143
NKVAIIGLMVGGVVIG,-1.66665607293625
NKGAIIGLVVGGVVIG,-2.1919310433993
NKGAIIGLMVCGVVIG,-1.97681100124009
NKGAIIGLMVGCVVIG,-3.50514721992928
NKGAIIGLMVGDVVIG,-2.15417277054887
NKGAIIGLMVGGVVLG,-1.19154853177234
NKGAIIGLMVGGVVVG,-4.86644174391153
NKGAIVGLMVGGVVIP,-4.83786837146748
NKGAIIGLMVCGVVIP,-3.73925608279937
NKGAIIGLMVGCVVIP,-2.77281556723974
DKGAIIGLMVGGVVIS,-4.24420083712399
IKGAIIGLMVGGVVIS,-0.180125589817326
SKGAIIGLMVGGVVIS,-1.72803608122143
TKGAIIGLMVGGVVIS,-3.37060037651974
YKGAIIGLMVGGVVIS,0.924425235558094
NEGAIIGLMVGGVVIS,-2.59471162503936
NIGAIIGLMVGGVVIS,-2.08778397911585
NNGAIIGLMVGGVVIS,-0.501819354665868
NRGAIIGLMVGGVVIS,1.07611603137459
NKCAIIGLMVGGVVIS,-1.69927433441182
NKDAIIGLMVGGVVIS,-3.99111690711003
NKGEIIGLMVGGVVIS,-4.38178792732077
NKGSIIGLMVGGVVIS,-3.98815213021599
NKGTIIGLMVGGVVIS,1.26821428358309
NKGVIIGLMVGGVVIS,1.33548805847783
NKGAFIGLMVGGVVIS,-2.55855338463939
NKGANIGLMVGGVVIS,-1.35596392930921
NKGATIGLMVGGVVIS,-0.956200398431878
NKGAVIGLMVGGVVIS,-1.17465646967218
NKGAIFGLMVGGVVIS,-3.78446795414579
NKGAINGLMVGGVVIS,-3.83409248342161
NKGAITGLMVGGVVIS,-4.73490615049542
NKGAIVGLMVGGVVIS,-3.05636108744905
NKGAIIELMVGGVVIS,-4.56192306111496
NKGAIIGFMVGGVVIS,0.518009556029109
NKGAIIGHMVGGVVIS,-2.76566283276563
NKGAIIGPMVGGVVIS,-3.38259711054116
NKGAIIGRMVGGVVIS,-3.8809065998624
NKGAIIGVMVGGVVIS,1.94110952450806
NKGAIIGLIVGGVVIS,-3.50792694689872
NKGAIIGLKVGGVVIS,-4.03774907135536
NKGAIIGLLVGGVVIS,-4.52838427395954
NKGAIIGLTVGGVVIS,-3.42398943389374
NKGAIIGLVVGGVVIS,-2.50413030622064
NKGAIIGLMAGGVVIS,-2.35164719772597
NKGAIIGLMEGGVVIS,-3.09289820088872
NKGAIIGLMLGGVVIS,-0.388650487253273
NKGAIIGLMMGGVVIS,-0.074718202698836
NKGAIIGLMVCGVVIS,-0.739786067096048
NKGAIIGLMVDGVVIS,-3.7716953348459
NKGAIIGLMVSGVVIS,-3.22907957702683
NKGAIIGLMVGCVVIS,-2.15146674470806
NKGAIIGLMVGDVVIS,-2.87429933978282
NKGAIIGLMVGSVVIS,-3.49369464698681
NKGAIIGLMVGGAVIS,-4.59116438251986
NKGAIIGLMVGGDVIS,-4.14841157759243
NKGAIIGLMVGGIVIS,0.0395963766694046
NKGAIIGLMVGGVAIS,-4.53731514399708
NKGAIIGLMVGGVDIS,-3.38774640998734
NKGAIIGLMVGGVGIS,-4.24462386095977
NKGAIIGLMVGGVIIS,-1.37959411056657
NKGAIIGLMVGGVVKS,0.322785365171125
NKGAIIGLMVGGVVLS,-1.15480074989473
NKGAIIGLMVGGVVMS,-2.95076550293652
NKGAIIGLMVGGVVTS,-4.08489171341509
NKGAIIGLMVGGVVVS,-2.91372651443738
DKGAIIGLMVGGVVIT,-3.46300515675905
IKGAIIGLMVGGVVIT,0.208328583477671
SKGAIIGLMVGGVVIT,-2.9696123509634
TKGAIIGLMVGGVVIT,-3.13441695659069
YKGAIIGLMVGGVVIT,0.753770297664613
NEGAIIGLMVGGVVIT,-2.16337027204476
NIGAIIGLMVGGVVIT,-1.20992926031346
NNGAIIGLMVGGVVIT,0.198571045779894
NRGAIIGLMVGGVVIT,1.06731294923659
NKCAIIGLMVGGVVIT,-1.27227280428303
NKDAIIGLMVGGVVIT,-4.2494291573955
NKSAIIGLMVGGVVIT,-2.69105250589471
NKGSIIGLMVGGVVIT,-2.73837872612079
NKGTIIGLMVGGVVIT,1.11158663821719
NKGVIIGLMVGGVVIT,1.14770113341494
NKGAFIGLMVGGVVIT,-1.72818695675023
NKGANIGLMVGGVVIT,-0.986675038134305
NKGATIGLMVGGVVIT,0.131852536725616
NKGAVIGLMVGGVVIT,-0.930862472647705
NKGAIFGLMVGGVVIT,-2.20992500846432
NKGAINGLMVGGVVIT,-4.45775384423295
NKGAITGLMVGGVVIT,-3.89511662822875
NKGAIVGLMVGGVVIT,-2.47360550434555
NKGAIIELMVGGVVIT,-2.86893785273273
NKGAIIRLMVGGVVIT,-2.88953984154788
NKGAIIGFMVGGVVIT,-0.645827416579841
NKGAIIGHMVGGVVIT,-1.7828866181976
NKGAIIGIMVGGVVIT,1.12703690256815
NKGAIIGPMVGGVVIT,-4.26054644001141
NKGAIIGRMVGGVVIT,-2.71829472836132
NKGAIIGLIVGGVVIT,-3.00600236349311
NKGAIIGLKVGGVVIT,-3.55155654670782
NKGAIIGLLVGGVVIT,-2.56998869114964
NKGAIIGLTVGGVVIT,-3.36928796779129
NKGAIIGLVVGGVVIT,-1.96344376152971
NKGAIIGLMAGGVVIT,-3.19972296144605
NKGAIIGLMEGGVVIT,-3.28195919340318
NKGAIIGLMMGGVVIT,0.942108326287412
NKGAIIGLMVCGVVIT,-1.78968829897219
NKGAIIGLMVDGVVIT,-4.05597013182397
NKGAIIGLMVSGVVIT,-3.33098630621488
NKGAIIGLMVGCVVIT,-1.00176125661279
NKGAIIGLMVGDVVIT,-2.45210021764416
NKGAIIGLMVGRVVIT,-4.88042798588627
NKGAIIGLMVGSVVIT,-1.57058667269633
NKGAIIGLMVGGAVIT,-3.06078729039838
NKGAIIGLMVGGDVIT,-4.60291113658164
NKGAIIGLMVGGFVIT,-2.34673117192884
NKGAIIGLMVGGIVIT,0.391375160395236
NKGAIIGLMVGGVAIT,-3.60329263582105
NKGAIIGLMVGGVDIT,-3.15427669750473
NKGAIIGLMVGGVIIT,-0.925527352498407
NKGAIIGLMVGGVVKT,-2.85575310086146
NKGAIIGLMVGGVVLT,-1.4879412236397
NKGAIIGLMVGGVVMT,0.436407013176159
NKGAIIGLMVGGVVTT,-2.99034252969952
NKGAIIGLMVGGVVVT,-1.5556474907969
DKGAIIGLMVGGVVIV,-3.57046925526038
HKGAIIGLMVGGVVIV,-2.48621761450295
IKGAIIGLMVGGVVIV,0.208329342441221
SKGAIIGLMVGGVVIV,-2.47418397907526
TKGAIIGLMVGGVVIV,-3.02729957028193
YKGAIIGLMVGGVVIV,0.327181388076009
NEGAIIGLMVGGVVIV,-2.2408125871393
NIGAIIGLMVGGVVIV,-0.903268903620479
NNGAIIGLMVGGVVIV,0.750852383872895
NQGAIIGLMVGGVVIV,-0.105707478647413
NRGAIIGLMVGGVVIV,-0.263764949408284
NKCAIIGLMVGGVVIV,0.558095421359725
NKDAIIGLMVGGVVIV,-3.20757761203225
NKSAIIGLMVGGVVIV,0.542581824619081
NKGEIIGLMVGGVVIV,-3.29316749985201
NKGSIIGLMVGGVVIV,-1.63338128405138
NKGTIIGLMVGGVVIV,0.439526220916866
NKGVIIGLMVGGVVIV,1.35674859901271
NKGAFIGLMVGGVVIV,-0.573180199369427
NKGANIGLMVGGVVIV,-0.188571985848471
NKGATIGLMVGGVVIV,-0.170030629793919
NKGAVIGLMVGGVVIV,-0.287819851399793
NKGAIFGLMVGGVVIV,-2.99354594943485
NKGAINGLMVGGVVIV,-3.77861306343006
NKGAITGLMVGGVVIV,-3.98022780469102
NKGAIVGLMVGGVVIV,-0.684847206417521
NKGAIIELMVGGVVIV,-2.44768261256266
NKGAIIRLMVGGVVIV,-3.23111223739093
NKGAIIVLMVGGVVIV,-3.90296719195103
NKGAIIGFMVGGVVIV,-0.609086917057114
NKGAIIGHMVGGVVIV,-1.54724749874764
NKGAIIGPMVGGVVIV,-3.27211743445569
NKGAIIGRMVGGVVIV,-3.8618584048917
NKGAIIGLIVGGVVIV,-0.496690328564428
NKGAIIGLKVGGVVIV,-4.34354887982966
NKGAIIGLLVGGVVIV,-3.09480077708931
NKGAIIGLTVGGVVIV,-3.47446318040354
NKGAIIGLVVGGVVIV,-0.357549054387087
NKGAIIGLMAGGVVIV,-0.667599764159387
NKGAIIGLMEGGVVIV,-2.1211410145128
NKGAIIGLMMGGVVIV,0.62414918114407
NKGAIIGLMVCGVVIV,-0.260823209706287
NKGAIIGLMVDGVVIV,-3.5563663784561
NKGAIIGLMVSGVVIV,-2.77392146349765
NKGAIIGLMVVGVVIV,-3.14198048741162
NKGAIIGLMVGCVVIV,-1.65197341147413
NKGAIIGLMVGDVVIV,-2.64001414959013
NKGAIIGLMVGSVVIV,-2.58648343052633
NKGAIIGLMVGGAVIV,-3.35004529100658
NKGAIIGLMVGGDVIV,-3.72948911702359
NKGAIIGLMVGGIVIV,0.0502044481707133
NKGAIIGLMVGGLVIV,-3.52054066788653
NKGAIIGLMVGGVAIV,-3.82635729028905
NKGAIIGLMVGGVDIV,-3.62931944631439
NKGAIIGLMVGGVGIV,-3.88586124343624
NKGAIIGLMVGGVIIV,-0.449784302340245
NKGAIIGLMVGGVVKV,-0.151502079837323
NKGAIIGLMVGGVVLV,-1.36070842294788
NKGAIIGLMVGGVVMV,-0.996815903593147
NKGAIIGLMVGGVVTV,-3.23840317673327
NKGAIIGLMVGGVVVV,-1.14145675619703
