KKGAIIGLMVGGVVI,-2.82716689997003
NKNAIIGLMVGGVVI,-3.02577793152157
NKRAIIGLMVGGVVI,-3.2789538903586
NKSAIIGLMVGGVVI,-2.03243819069128
NKEAIIGLMVGGVVI,-3.1650315411654
NKDAIIGLMVGGVVI,-3.18654794693329
NKAAIIGLMVGGVVI,-1.77993235827001
NKGTIIGLMVGGVVI,1.06566775689863
NKGIIIGLMVGGVVI,1.56227756610393
NKGPIIGLMVGGVVI,-0.619711653462867
NKGEIIGLMVGGVVI,-3.44218605833041
NKGDIIGLMVGGVVI,-3.64009379369944
NKGAKIGLMVGGVVI,-3.22801186376795
NKGANIGLMVGGVVI,-1.39739741937233
NKGATIGLMVGGVVI,-0.641136060584877
NKGASIGLMVGGVVI,-1.97500600777644
NKGAIKGLMVGGVVI,-3.45989438823313
NKGAINGLMVGGVVI,-3.38980848495283
NKGAITGLMVGGVVI,-3.38199354410357
NKGAISGLMVGGVVI,-3.53968836711902
NKGAIMGLMVGGVVI,-3.83334961960335
NKGAIIKLMVGGVVI,-0.650592497304483
NKGAIIRLMVGGVVI,-2.90567450139149
NKGAIISLMVGGVVI,-2.35714234384404
NKGAIIELMVGGVVI,-2.9514176472226
NKGAIIDLMVGGVVI,-2.93010990944134
NKGAIIALMVGGVVI,-2.70934597270759
NKGAIIGNMVGGVVI,-3.47867485735009
NKGAIIGTMVGGVVI,-1.25916871944732
NKGAIIGIMVGGVVI,1.10002744639918
NKGAIIGQMVGGVVI,-2.1612073737043
NKGAIIGHMVGGVVI,-2.87017886039943
NKGAIIGPMVGGVVI,-2.75864922211084
NKGAIIGRMVGGVVI,-3.35041546707277
NKGAIIGLKVGGVVI,-3.82260176381599
NKGAIIGLNVGGVVI,-2.83399514103917
NKGAIIGLTVGGVVI,-3.34265847165154
NKGAIIGLRVGGVVI,-3.07191645088573
NKGAIIGLIVGGVVI,-1.97310041533968
NKGAIIGLMKGGVVI,-3.60977544584361
NKGAIIGLMTGGVVI,-1.18070333102031
NKGAIIGLMIGGVVI,0.370787930301079
NKGAIIGLMMGGVVI,0.0588511692483589
NKGAIIGLMQGGVVI,-3.55851009643441
NKGAIIGLMLGGVVI,0.635695520219819
NKGAIIGLMEGGVVI,-2.92544896470723
NKGAIIGLMDGGVVI,-3.74741971173899
NKGAIIGLMAGGVVI,-1.84272412312087
NKGAIIGLMGGGVVI,-2.46052840624063
NKGAIIGLMVNGVVI,-3.12969973716327
NKGAIIGLMVRGVVI,-3.22606820497181
NKGAIIGLMVSGVVI,-1.48953593694488
NKGAIIGLMVIGVVI,-3.56559258874853
NKGAIIGLMVEGVVI,-3.1370791308742
NKGAIIGLMVDGVVI,-3.10804924180429
NKGAIIGLMVAGVVI,-2.82775064934461
NKGAIIGLMVGNVVI,-1.40098829810368
NKGAIIGLMVGRVVI,-3.20625155774618
NKGAIIGLMVGSVVI,-2.39484790567465
NKGAIIGLMVGLVVI,-4.53558749959454
NKGAIIGLMVGEVVI,-3.52992841446691
NKGAIIGLMVGDVVI,-2.17822133334311
NKGAIIGLMVGAVVI,-3.64852089624761
NKGAIIGLMVGGNVI,-1.95024106475578
NKGAIIGLMVGGTVI,-1.58167784611472
NKGAIIGLMVGGIVI,0.111546888612296
NKGAIIGLMVGGLVI,-1.60779514370009
NKGAIIGLMVGGEVI,-3.91714968516872
NKGAIIGLMVGGDVI,-3.84710575783779
NKGAIIGLMVGGAVI,-2.97664495141714
NKGAIIGLMVGGGVI,-4.35696571673843
NKGAIIGLMVGGVNI,-3.59586861580964
NKGAIIGLMVGGVTI,-3.44290822258237
NKGAIIGLMVGGVII,-1.42831021887348
NKGAIIGLMVGGVLI,-2.52282223657428
NKGAIIGLMVGGVEI,-4.66379144998727
NKGAIIGLMVGGVDI,-3.37304827106394
NKGAIIGLMVGGVAI,-3.17987100877686
NKGAIIGLMVGGVGI,-3.50755483911381
NKGAIIGLMVGGVVK,-3.05937029088188
NKGAIIGLMVGGVVN,-1.43976522652013
NKGAIIGLMVGGVVT,-3.27246882714939
NKGAIIGLMVGGVVR,-3.29438868951438
NKGAIIGLMVGGVVM,-1.91723416664429
NKGAIIGLMVGGVVQ,-3.7956090193505
NKGAIIGLMVGGVVL,-1.70526181325904
NKGAIIGLMVGGVVE,-4.39953864065899
NKGAIIGLMVGGVVA,-3.78421439093961
NKGAIIGLMVGGVVV,-2.2826704372129
NKGAIIGLMVGGVVS,-4.16458503319162
NKGAIIGLMVGGVVF,0.622472119939255
NKGAIIGLMVGGVYI,-1.95391955746718
NKGAIIGLMVGGVSI,-2.9563009512312
NKGAIIGLMVGGVFI,-2.0921754484209
NKGAIIGLMVGGYVI,-3.02895532920674
NKGAIIGLMVGGSVI,-4.95321988048287
NKGAIIGLMVGGFVI,-2.28538558736264
NKGAIIGLMVGVVVI,-2.80953807974215
NKGAIIGLMVGYVVI,-3.10128462618841
NKGAIIGLMVGCVVI,-0.789381616808558
NKGAIIGLMVGFVVI,-1.20323737268826
NKGAIIGLMVVGVVI,-2.78125603955012
NKGAIIGLMVYGVVI,-3.6399773117845
NKGAIIGLMVCGVVI,-0.808935153528856
NKGAIIGLMVFGVVI,-1.50299953713012
NKGAIIGLMSGGVVI,-1.99005622799011
NKGAIIGLMWGGVVI,-4.38178792732077
NKGAIIGLLVGGVVI,-2.92076165688421
NKGAIIGLEVGGVVI,-4.76460989593203
NKGAIIGLAVGGVVI,-3.76042993098354
NKGAIIGLVVGGVVI,-1.6188159683839
NKGAIIGLSVGGVVI,-3.96664334954562
NKGAIIGLFVGGVVI,-3.34919960004405
NKGAIIGDMVGGVVI,-3.80220017603627
NKGAIIGVMVGGVVI,0.686665601067164
NKGAIIGYMVGGVVI,-2.78696382726877
NKGAIIGSMVGGVVI,-3.8970294240329
NKGAIIGCMVGGVVI,-2.1629621069533
NKGAIIGFMVGGVVI,-0.751523765689708
NKGAIIVLMVGGVVI,-2.74822330235139
NKGAIIWLMVGGVVI,-3.27650657376791
NKGAIICLMVGGVVI,-3.83147654498342
NKGAIHGLMVGGVVI,-4.40132388958964
NKGAILGLMVGGVVI,-3.12367111451363
NKGAIDGLMVGGVVI,-2.86317279667995
NKGAIAGLMVGGVVI,-3.35115629865844
NKGAIVGLMVGGVVI,-1.79827909163557
NKGAIYGLMVGGVVI,-4.84585231174253
NKGAIFGLMVGGVVI,-2.78149490690911
NKGAMIGLMVGGVVI,-1.41177449982249
NKGALIGLMVGGVVI,-3.49621390080745
NKGADIGLMVGGVVI,-3.85025576587277
NKGAAIGLMVGGVVI,-2.91600087477315
NKGAVIGLMVGGVVI,-1.15720365516169
NKGAYIGLMVGGVVI,-1.38856094820449
NKGAFIGLMVGGVVI,-1.6711083507206
NKGGIIGLMVGGVVI,-0.0048759424988232
NKGVIIGLMVGGVVI,1.66654293021784
NKGSIIGLMVGGVVI,-2.53563362958026
NKGLIIGLMVGGVVI,-1.16290805779325
NKVAIIGLMVGGVVI,0.78692658260782
NKYAIIGLMVGGVVI,-4.66424481137276
NKCAIIGLMVGGVVI,-0.740267294044286
NNGAIIGLMVGGVVI,-0.0847619197360214
NTGAIIGLMVGGVVI,-0.797115293096785
NRGAIIGLMVGGVVI,-0.656470804913932
NSGAIIGLMVGGVVI,-1.15367285571497
NIGAIIGLMVGGVVI,-1.28871385885638
NMGAIIGLMVGGVVI,-2.46995415316084
NQGAIIGLMVGGVVI,-0.351996256343374
NHGAIIGLMVGGVVI,-0.447601136114936
NEGAIIGLMVGGVVI,-2.28782890305855
NDGAIIGLMVGGVVI,-3.12277346354666
NGGAIIGLMVGGVVI,-1.18155460166394
NVGAIIGLMVGGVVI,-1.15502999512498
NYGAIIGLMVGGVVI,-0.487481168199785
NLGAIIGLMVGGVVI,-3.48366930722653
TKGAIIGLMVGGVVI,-2.1829503963473
SKGAIIGLMVGGVVI,-2.45454789597466
IKGAIIGLMVGGVVI,0.341533824417923
MKGAIIGLMVGGVVI,0.478849513424524
HKGAIIGLMVGGVVI,-0.533505411926444
LKGAIIGLMVGGVVI,-1.54990556189406
DKGAIIGLMVGGVVI,-3.56553137793187
AKGAIIGLMVGGVVI,-1.68995163553977
GKGAIIGLMVGGVVI,-4.67274309556892
VKGAIIGLMVGGVVI,-0.414547705718645
YKGAIIGLMVGGVVI,0.467348150553755
CKGAIIGLMVGGVVI,-2.00777915865332
FKGAIIGLMVGGVVI,0.596883688998007
DEGAIIGLMVGGVVI,-4.03285022503132
IEGAIIGLMVGGVVI,-2.9573188936702
KEGAIIGLMVGGVVI,-3.30581731734215
SEGAIIGLMVGGVVI,-3.6144796865218
YEGAIIGLMVGGVVI,-1.83078416783632
DIGAIIGLMVGGVVI,-4.11321566187149
IIGAIIGLMVGGVVI,-4.24233698169302
SIGAIIGLMVGGVVI,-3.87073525352505
YIGAIIGLMVGGVVI,-3.06399128973653
DNGAIIGLMVGGVVI,-4.04617897920954
INGAIIGLMVGGVVI,0.169160049732938
KNGAIIGLMVGGVVI,-4.73089625191531
SNGAIIGLMVGGVVI,-3.49086596256125
TNGAIIGLMVGGVVI,-4.47588173007259
YNGAIIGLMVGGVVI,-0.466686033156303
DQGAIIGLMVGGVVI,-3.41717258363026
KQGAIIGLMVGGVVI,-4.00560595727561
DRGAIIGLMVGGVVI,-3.84497578456525
HRGAIIGLMVGGVVI,-0.538717458470478
IRGAIIGLMVGGVVI,0.0460915418060581
KRGAIIGLMVGGVVI,-3.35346351263869
SRGAIIGLMVGGVVI,-2.92726785682824
TRGAIIGLMVGGVVI,-1.88425906941116
YRGAIIGLMVGGVVI,0.616089673351717
YTGAIIGLMVGGVVI,-0.683456492240577
IKAAIIGLMVGGVVI,0.520601166142976
NIAAIIGLMVGGVVI,-4.57828229057563
NNAAIIGLMVGGVVI,-4.64118217391183
NRAAIIGLMVGGVVI,-1.84964963585381
DKCAIIGLMVGGVVI,-3.80416069528558
IKCAIIGLMVGGVVI,0.551177250933878
SKCAIIGLMVGGVVI,-1.31893287000853
TKCAIIGLMVGGVVI,-0.356901788938693
YKCAIIGLMVGGVVI,-1.2532563078198
NECAIIGLMVGGVVI,-3.52417986825883
NICAIIGLMVGGVVI,-4.45528255176634
NNCAIIGLMVGGVVI,-1.77845157122978
NQCAIIGLMVGGVVI,-3.61191666042277
NRCAIIGLMVGGVVI,-1.76234371092265
DKDAIIGLMVGGVVI,-3.21934525240983
IKDAIIGLMVGGVVI,-3.54275048969862
SKDAIIGLMVGGVVI,-4.34749299961356
YKDAIIGLMVGGVVI,-2.95367746694566
NEDAIIGLMVGGVVI,-3.60329432669908
NIDAIIGLMVGGVVI,-5.37592047858384
NNDAIIGLMVGGVVI,-2.80379998196946
NRDAIIGLMVGGVVI,-3.7060340803845
DKSAIIGLMVGGVVI,-2.87448083557359
IKSAIIGLMVGGVVI,-1.29384137943358
YKSAIIGLMVGGVVI,-0.244087570794518
NESAIIGLMVGGVVI,-3.80020072960549
NISAIIGLMVGGVVI,-3.13095492550478
NNSAIIGLMVGGVVI,-2.77970406024497
NRSAIIGLMVGGVVI,-4.02200468629147
DKVAIIGLMVGGVVI,-1.97203772248743
IKVAIIGLMVGGVVI,0.664499567475845
NNVAIIGLMVGGVVI,0.411870886053876
NRVAIIGLMVGGVVI,-2.14119103631052
NTVAIIGLMVGGVVI,-4.66420487741664
DKGEIIGLMVGGVVI,-4.61581686161104
IKGEIIGLMVGGVVI,-3.58691535821735
YKGEIIGLMVGGVVI,-2.44360120104448
NEGEIIGLMVGGVVI,-4.96330638729847
NIGEIIGLMVGGVVI,-4.37652280496486
NNGEIIGLMVGGVVI,-4.1193270346937
NRGEIIGLMVGGVVI,-3.56559258874853
NKCEIIGLMVGGVVI,-4.51118606979191
DKGGIIGLMVGGVVI,-4.60233292856589
IKGGIIGLMVGGVVI,-1.90354146954826
SKGGIIGLMVGGVVI,-4.80845448626118
NEGGIIGLMVGGVVI,-4.14472119090753
NIGGIIGLMVGGVVI,-2.57480489788681
NKSGIIGLMVGGVVI,-4.89422130801861
DKGPIIGLMVGGVVI,-3.84793852693002
YKGPIIGLMVGGVVI,1.53070784245447
NIGPIIGLMVGGVVI,-1.39474980213493
NRGPIIGLMVGGVVI,-0.411027801891703
NKCPIIGLMVGGVVI,-3.49413362476638
DKGSIIGLMVGGVVI,-4.23337374932494
IKGSIIGLMVGGVVI,-1.95944172785702
SKGSIIGLMVGGVVI,-3.66451019725114
YKGSIIGLMVGGVVI,-2.40749039198782
NEGSIIGLMVGGVVI,-4.21012663756489
NIGSIIGLMVGGVVI,-2.22813695725667
NNGSIIGLMVGGVVI,-2.8117722638328
NQGSIIGLMVGGVVI,-4.17329456335159
NRGSIIGLMVGGVVI,-3.18096125992975
DKGTIIGLMVGGVVI,-3.84596630735506
IKGTIIGLMVGGVVI,0.539132590498437
SKGTIIGLMVGGVVI,-1.27761619294598
TKGTIIGLMVGGVVI,-3.06304406018449
YKGTIIGLMVGGVVI,-0.0372366087477276
NEGTIIGLMVGGVVI,-1.43219583669011
NIGTIIGLMVGGVVI,-1.57979748659746
NNGTIIGLMVGGVVI,0.791703318645803
NQGTIIGLMVGGVVI,-0.869465032603224
NRGTIIGLMVGGVVI,0.604909065401541
NKCTIIGLMVGGVVI,0.688203879581171
NKDTIIGLMVGGVVI,-2.30724311837887
NKSTIIGLMVGGVVI,-1.76329875868644
DKGVIIGLMVGGVVI,-2.0482773948786
IKGVIIGLMVGGVVI,0.943905758189944
KKGVIIGLMVGGVVI,-0.940234103491432
SKGVIIGLMVGGVVI,-0.667134488283366
TKGVIIGLMVGGVVI,-1.77233274414524
YKGVIIGLMVGGVVI,1.27717346213523
NEGVIIGLMVGGVVI,-0.675861808933381
NIGVIIGLMVGGVVI,-2.3392834529155
NNGVIIGLMVGGVVI,1.35212332904619
NRGVIIGLMVGGVVI,1.04499643295307
NKCVIIGLMVGGVVI,0.792778274526672
NKDVIIGLMVGGVVI,0.276234986064515
NKSVIIGLMVGGVVI,0.822461089552689
DKGAFIGLMVGGVVI,-3.62837023743409
HKGAFIGLMVGGVVI,-4.36186508927536
IKGAFIGLMVGGVVI,0.510750339980612
SKGAFIGLMVGGVVI,-3.53950349583912
YKGAFIGLMVGGVVI,-0.875893604706943
NEGAFIGLMVGGVVI,-3.83813863229475
NIGAFIGLMVGGVVI,-2.33272393854989
NNGAFIGLMVGGVVI,-1.67096366012831
NRGAFIGLMVGGVVI,-2.25092763343047
NKCAFIGLMVGGVVI,-1.48456312752587
NKDAFIGLMVGGVVI,-3.91723877824861
NKRAFIGLMVGGVVI,-4.62911355760537
NKSAFIGLMVGGVVI,-2.0992555199551
NKGEFIGLMVGGVVI,-4.75628704677239
NKGPFIGLMVGGVVI,-1.13302119232505
NKGSFIGLMVGGVVI,-3.01669501703313
NKGTFIGLMVGGVVI,-0.974206865075039
NKGVFIGLMVGGVVI,-0.203201537793495
NEGALIGLMVGGVVI,-2.65145471023547
DKGAMIGLMVGGVVI,-4.77814913676586
IKGAMIGLMVGGVVI,-2.84991407691131
NRGAMIGLMVGGVVI,-4.02148855048358
DKGANIGLMVGGVVI,-5.44983358771791
HKGANIGLMVGGVVI,-5.01048111413447
IKGANIGLMVGGVVI,-1.31249309073727
SKGANIGLMVGGVVI,-3.26354131856597
TKGANIGLMVGGVVI,-2.66057775101054
YKGANIGLMVGGVVI,-1.77622572166174
NEGANIGLMVGGVVI,-5.09383023996726
NIGANIGLMVGGVVI,-2.18592347334774
NNGANIGLMVGGVVI,-2.13031658597468
NRGANIGLMVGGVVI,-0.95285447319925
NKCANIGLMVGGVVI,-3.09219161858914
NKDANIGLMVGGVVI,-4.53953224210595
NKRANIGLMVGGVVI,-4.9857885015441
NKVANIGLMVGGVVI,-2.2080606908749
NKGGNIGLMVGGVVI,-3.48909840755276
NKGSNIGLMVGGVVI,-2.27397562396656
NKGTNIGLMVGGVVI,-2.21046290683079
NKGVNIGLMVGGVVI,0.932469101281027
NIGASIGLMVGGVVI,-2.76258001142257
DKGATIGLMVGGVVI,-2.63145043558746
IKGATIGLMVGGVVI,-0.67264693021103
SKGATIGLMVGGVVI,-1.42577829711284
TKGATIGLMVGGVVI,-2.99258376820147
YKGATIGLMVGGVVI,-0.167924398590293
NEGATIGLMVGGVVI,-2.78629991723358
NIGATIGLMVGGVVI,-2.56003539375394
NNGATIGLMVGGVVI,-2.03054226156919
NRGATIGLMVGGVVI,-0.450587149875568
NKCATIGLMVGGVVI,-3.8809065998624
NKDATIGLMVGGVVI,-3.81383117776768
NKGETIGLMVGGVVI,-4.7846359722343
NKGPTIGLMVGGVVI,-3.27650657376791
NKGTTIGLMVGGVVI,0.762973386851929
NKGVTIGLMVGGVVI,1.60348873011535
DKGAVIGLMVGGVVI,-4.15460893289551
IKGAVIGLMVGGVVI,0.0755018614445834
KKGAVIGLMVGGVVI,-3.23886206801238
SKGAVIGLMVGGVVI,-3.51422642742066
TKGAVIGLMVGGVVI,-4.03774907135536
YKGAVIGLMVGGVVI,0.0927440613400234
NEGAVIGLMVGGVVI,-4.10620137675251
NIGAVIGLMVGGVVI,-0.841981262114431
NNGAVIGLMVGGVVI,-1.37535194126506
NRGAVIGLMVGGVVI,-1.40909555029241
NKCAVIGLMVGGVVI,-1.73640373075239
NKDAVIGLMVGGVVI,-4.85937457668844
NKSAVIGLMVGGVVI,-1.22791617594321
NKVAVIGLMVGGVVI,-2.99363237130284
NKGEVIGLMVGGVVI,-3.65424999911317
NKGGVIGLMVGGVVI,-0.367755099377263
NKGSVIGLMVGGVVI,-2.70211055192172
NKGTVIGLMVGGVVI,0.496740778535653
NKGVVIGLMVGGVVI,0.995607451649896
DKGAIFGLMVGGVVI,-4.28166961564539
IKGAIFGLMVGGVVI,-3.6298343429831
SKGAIFGLMVGGVVI,-4.13736695742562
YKGAIFGLMVGGVVI,-3.19523255894004
NEGAIFGLMVGGVVI,-4.30140721972674
NIGAIFGLMVGGVVI,-5.01971855023017
NNGAIFGLMVGGVVI,-3.3753293067661
NRGAIFGLMVGGVVI,-3.89387770577403
NKCAIFGLMVGGVVI,-4.09130482009137
NKDAIFGLMVGGVVI,-4.79195600380335
NKGTIFGLMVGGVVI,-2.82163328038574
NKGVIFGLMVGGVVI,-2.8475216419275
NKGATFGLMVGGVVI,-3.45075471294027
NKGAVFGLMVGGVVI,-4.25336658561266
NKGVILGLMVGGVVI,-4.51578487229837
YKGAIMGLMVGGVVI,-3.65100569321954
DKGAINGLMVGGVVI,-3.22589592391128
IKGAINGLMVGGVVI,-3.18624839209161
SKGAINGLMVGGVVI,-3.2064515523146
YKGAINGLMVGGVVI,-3.48878607210451
NEGAINGLMVGGVVI,-4.52838427395954
NIGAINGLMVGGVVI,-4.80690268213761
NNGAINGLMVGGVVI,-3.48173624155662
NRGAINGLMVGGVVI,-3.98779691338293
NKCAINGLMVGGVVI,-3.41600473083357
NKDAINGLMVGGVVI,-2.56184758467246
NKRAINGLMVGGVVI,-4.88042798588627
NKSAINGLMVGGVVI,-4.9857885015441
NKGTINGLMVGGVVI,-3.2132462773301
NKGVINGLMVGGVVI,-2.71462810782764
NKGAFNGLMVGGVVI,-5.78549264718711
NKGANNGLMVGGVVI,-4.52065031553982
NKGATNGLMVGGVVI,-4.00864387615849
NKGAVNGLMVGGVVI,-4.78205789310901
DKGAITGLMVGGVVI,-3.27665173164808
HKGAITGLMVGGVVI,-4.52838427395954
IKGAITGLMVGGVVI,-3.87802572721721
KKGAITGLMVGGVVI,-4.67278862110803
SKGAITGLMVGGVVI,-4.90062221961452
YKGAITGLMVGGVVI,-3.70822620599911
NEGAITGLMVGGVVI,-2.7408303787741
NIGAITGLMVGGVVI,-5.11633490833612
NNGAITGLMVGGVVI,-3.81229236952615
NRGAITGLMVGGVVI,-2.65599579881428
NKCAITGLMVGGVVI,-5.11127551368556
NKDAITGLMVGGVVI,-4.01530923301638
NKSAITGLMVGGVVI,-4.99023297998076
NKVAITGLMVGGVVI,-3.27791051629675
NKGGITGLMVGGVVI,-4.0030249698981
NKGPITGLMVGGVVI,-4.27797731691001
NKGSITGLMVGGVVI,-5.01815017912873
NKGTITGLMVGGVVI,-3.69324115847681
NKGVITGLMVGGVVI,-3.12834721041238
NKGAFTGLMVGGVVI,-5.07573769733303
NKGANTGLMVGGVVI,-3.16592390817669
NKGATTGLMVGGVVI,-5.10245527014038
NKGAVTGLMVGGVVI,-4.41809783609529
DKGAIVGLMVGGVVI,-3.97916394400567
HKGAIVGLMVGGVVI,-3.58268702210783
IKGAIVGLMVGGVVI,0.251932029672904
SKGAIVGLMVGGVVI,-3.07132323191664
YKGAIVGLMVGGVVI,-1.81927711167675
NEGAIVGLMVGGVVI,-1.40320095981069
NIGAIVGLMVGGVVI,-2.93049536418531
NNGAIVGLMVGGVVI,-1.45067703977436
NRGAIVGLMVGGVVI,-2.08429103081979
NKAAIVGLMVGGVVI,-4.56192306111496
NKCAIVGLMVGGVVI,-2.21936618216864
NKDAIVGLMVGGVVI,-5.29968782059012
NKVAIVGLMVGGVVI,0.277328547343184
NKGEIVGLMVGGVVI,-4.1753139170635
NKGGIVGLMVGGVVI,0.430276937208473
NKGSIVGLMVGGVVI,-2.94682995849661
NKGTIVGLMVGGVVI,-0.24084563305105
NKGVIVGLMVGGVVI,0.804180618185787
NKGAFVGLMVGGVVI,-4.19650071692224
NKGANVGLMVGGVVI,-3.46029309971933
NKGATVGLMVGGVVI,-4.59086591381999
NKGAVVGLMVGGVVI,-2.32320198279155
DKGAIIELMVGGVVI,-4.53579776461246
IKGAIIELMVGGVVI,-2.45887999171317
SKGAIIELMVGGVVI,-4.88042798588627
YKGAIIELMVGGVVI,-3.64933705296447
NEGAIIELMVGGVVI,-5.04641312336054
NIGAIIELMVGGVVI,-4.00829830997277
NNGAIIELMVGGVVI,-3.51993330358051
NRGAIIELMVGGVVI,-3.82617919742235
NKCAIIELMVGGVVI,-3.45664170756211
NKDAIIELMVGGVVI,-3.38840739791894
NKGTIIELMVGGVVI,-2.83252859878667
NKGVIIELMVGGVVI,-1.77648212769205
NKGAFIELMVGGVVI,-4.86094365620968
NKGANIELMVGGVVI,-1.84454864431887
NKGATIELMVGGVVI,-3.53050126893726
NKGAVIELMVGGVVI,-4.65871853093283
NKGAINELMVGGVVI,-5.21717681264689
NKGAITELMVGGVVI,-5.27355581192561
DKGAIIRLMVGGVVI,-4.91011292239573
IKGAIIRLMVGGVVI,-3.19134259049189
SKGAIIRLMVGGVVI,-5.33853706593606
YKGAIIRLMVGGVVI,-3.01501037465951
NEGAIIRLMVGGVVI,-4.6925081785539
NIGAIIRLMVGGVVI,-3.89853081123533
NNGAIIRLMVGGVVI,-3.18704684577558
NRGAIIRLMVGGVVI,-4.00453668940192
NKCAIIRLMVGGVVI,-3.76329500399383
NKDAIIRLMVGGVVI,-4.89422130801861
NKGEIIRLMVGGVVI,-3.73282439706633
NKGTIIRLMVGGVVI,-1.99486548022787
NKGVIIRLMVGGVVI,-1.79661277939267
NKGAFIRLMVGGVVI,-4.80995535083936
NKGANIRLMVGGVVI,-4.38073749070474
NKGATIRLMVGGVVI,-3.4927907453404
NKGAVIRLMVGGVVI,-1.79415566897022
NKGAITRLMVGGVVI,-4.04375503264284
NKGAIVRLMVGGVVI,-4.28097629856125
DKGAIIVLMVGGVVI,-4.02148855048358
YKGAIIVLMVGGVVI,-4.26328989628774
NEGAIIVLMVGGVVI,-4.82326957204632
NNGAIIVLMVGGVVI,-3.65100569321954
NRGAIIVLMVGGVVI,-4.05133360758787
NKCAIIVLMVGGVVI,-3.85844372276845
NKGTIIVLMVGGVVI,-2.37682920308612
NKGAFIVLMVGGVVI,-3.89702486908138
NKGAINVLMVGGVVI,-4.36452199180131
NKGAITVLMVGGVVI,-4.62911355760537
NKGAIVVLMVGGVVI,-1.78487817187734
DKGAIIGFMVGGVVI,-4.16731124677706
IKGAIIGFMVGGVVI,-1.13159552381104
SKGAIIGFMVGGVVI,-4.83472184944985
YKGAIIGFMVGGVVI,-1.01027214161084
NEGAIIGFMVGGVVI,-2.79492935646244
NIGAIIGFMVGGVVI,-1.78977159357377
NNGAIIGFMVGGVVI,-1.39401924165023
NRGAIIGFMVGGVVI,-2.3040314859208
NKCAIIGFMVGGVVI,-2.12633387919437
NKDAIIGFMVGGVVI,-3.19918436421574
NKGSIIGFMVGGVVI,-4.27797731691001
NKGTIIGFMVGGVVI,1.0268349446276
NKGVIIGFMVGGVVI,2.40976298405861
NKGAFIGFMVGGVVI,-2.4525113110986
NKGANIGFMVGGVVI,-1.70237415553833
NKGATIGFMVGGVVI,-0.996877004132493
NKGAVIGFMVGGVVI,-0.369148422821974
NKGAINGFMVGGVVI,-4.49558216498085
NKGAITGFMVGGVVI,-4.61025601595764
NKGAIVGFMVGGVVI,-1.88664797257932
NKGAIIEFMVGGVVI,-4.32366931792656
NKGAIIRFMVGGVVI,-5.39955241246696
NKGAIIVFMVGGVVI,-4.07097440872651
DKGAIIGHMVGGVVI,-5.87879654103765
IKGAIIGHMVGGVVI,-2.32957918772859
KKGAIIGHMVGGVVI,-4.42048771557003
SKGAIIGHMVGGVVI,-3.41042115475398
TKGAIIGHMVGGVVI,-3.66603797530695
YKGAIIGHMVGGVVI,-2.53363982264609
NEGAIIGHMVGGVVI,-4.45068998032681
NIGAIIGHMVGGVVI,-4.06778738377854
NNGAIIGHMVGGVVI,-2.87433675035505
NQGAIIGHMVGGVVI,-3.44001206540139
NRGAIIGHMVGGVVI,-2.83251962295992
NKAAIIGHMVGGVVI,-3.97105769685669
NKCAIIGHMVGGVVI,-3.29444244498373
NKDAIIGHMVGGVVI,-5.19578366462758
NKSAIIGHMVGGVVI,-3.11647628574345
NKVAIIGHMVGGVVI,-1.88179678971946
NKGEIIGHMVGGVVI,-5.22936103103842
NKGGIIGHMVGGVVI,-4.97320971933724
NKGSIIGHMVGGVVI,-3.6271642028712
NKGTIIGHMVGGVVI,-2.77879100388429
NKGVIIGHMVGGVVI,-0.0646558675365655
NKGAFIGHMVGGVVI,-3.35365506518779
NKGANIGHMVGGVVI,-4.54019723764597
NKGATIGHMVGGVVI,-3.44112784269918
NKGAVIGHMVGGVVI,-2.96217120108119
NKGAIFGHMVGGVVI,-4.43159227835533
NKGAIMGHMVGGVVI,-5.21888238371148
NKGAINGHMVGGVVI,-4.14642165133518
NKGAITGHMVGGVVI,-4.13173255146817
NKGAIVGHMVGGVVI,-3.37376648321674
NKGAIIEHMVGGVVI,-5.46705931377188
NKGAIIRHMVGGVVI,-3.70081770843711
DKGAIIGIMVGGVVI,-3.70981970558427
IKGAIIGIMVGGVVI,0.902262950190451
SKGAIIGIMVGGVVI,-1.66170479736397
YKGAIIGIMVGGVVI,0.63333491076833
NEGAIIGIMVGGVVI,-1.07754621895586
NIGAIIGIMVGGVVI,-1.83046717298858
NNGAIIGIMVGGVVI,0.164106057518146
NRGAIIGIMVGGVVI,0.725374080409723
NKCAIIGIMVGGVVI,-1.05382387963478
NKDAIIGIMVGGVVI,-3.60936925040038
NKGSIIGIMVGGVVI,-2.84750645984133
NKGTIIGIMVGGVVI,1.27722873608578
NKGVIIGIMVGGVVI,2.73369812985395
NKGAFIGIMVGGVVI,-1.66407023078411
NKGANIGIMVGGVVI,-2.08476108166722
NKGATIGIMVGGVVI,-1.41287768797457
NKGAVIGIMVGGVVI,1.03750112913722
NKGAIFGIMVGGVVI,-3.06186759586926
NKGAINGIMVGGVVI,-1.33171684227597
NKGAITGIMVGGVVI,-2.7553975632232
NKGAIVGIMVGGVVI,-0.724679973044991
DKGAIIGPMVGGVVI,-4.8794770043885
IKGAIIGPMVGGVVI,-4.3674658192959
SKGAIIGPMVGGVVI,-2.9188004581021
YKGAIIGPMVGGVVI,-3.59693369102148
NEGAIIGPMVGGVVI,-4.53730521473989
NIGAIIGPMVGGVVI,-3.78750036026898
NNGAIIGPMVGGVVI,-3.68845745547312
NRGAIIGPMVGGVVI,-4.35218984760851
NKCAIIGPMVGGVVI,-4.25008170656536
NKDAIIGPMVGGVVI,-4.13437298049654
NKGGIIGPMVGGVVI,-4.55500558545165
NKGPIIGPMVGGVVI,-1.29690904743016
NKGTIIGPMVGGVVI,-2.49017006770403
NKGVIIGPMVGGVVI,-2.66610563573432
NKGAFIGPMVGGVVI,-5.70771291581528
NKGANIGPMVGGVVI,-4.65554681467352
NKGATIGPMVGGVVI,-4.90473179310348
NKGAVIGPMVGGVVI,-4.33347246800885
NKGAIFGPMVGGVVI,-5.4319877897786
NKGAINGPMVGGVVI,-3.95623950075965
NKGAITGPMVGGVVI,-3.42653940675526
NKGAIVGPMVGGVVI,-4.72279904168269
NKGAIIEPMVGGVVI,-5.3628301667209
NKGAIIVPMVGGVVI,-4.97320971933724
DKGAIIGRMVGGVVI,-4.25442010816396
IKGAIIGRMVGGVVI,-3.83208617297378
YKGAIIGRMVGGVVI,-4.45873726423361
NKCAIIGRMVGGVVI,-4.80925035111826
NKGTIIGRMVGGVVI,-3.70984219759308
NKGVIIGRMVGGVVI,-4.12894790876023
DKGAIIGVMVGGVVI,-4.34153974254507
YKGAIIGVMVGGVVI,0.292436685861224
NEGAIIGVMVGGVVI,-2.88102915187997
NIGAIIGVMVGGVVI,-2.101209466203
NNGAIIGVMVGGVVI,-1.2290864510914
NRGAIIGVMVGGVVI,0.336482106026429
NKGTIIGVMVGGVVI,1.32559071733611
NKGAIVGVMVGGVVI,-3.8809065998624
DKGAIIGLIVGGVVI,-5.36033807248884
IKGAIIGLIVGGVVI,-2.20969341733418
SKGAIIGLIVGGVVI,-2.90491764798352
YKGAIIGLIVGGVVI,-1.91452583124603
NEGAIIGLIVGGVVI,-3.59481893869536
NIGAIIGLIVGGVVI,-3.42645409359671
NNGAIIGLIVGGVVI,-1.38375121664811
NRGAIIGLIVGGVVI,-3.21136776301306
NTGAIIGLIVGGVVI,-4.97320971933724
NKCAIIGLIVGGVVI,-3.44943910607539
NKDAIIGLIVGGVVI,-4.80340830369329
NKGGIIGLIVGGVVI,-2.55922884369828
NKGSIIGLIVGGVVI,-4.13012239148638
NKGTIIGLIVGGVVI,0.906600892647564
NKGVIIGLIVGGVVI,-0.939641925483088
NKGAFIGLIVGGVVI,-4.47496287777811
NKGANIGLIVGGVVI,-2.83681730815125
NKGATIGLIVGGVVI,-4.05281437480581
NKGAVIGLIVGGVVI,-3.11285026853239
NKGAIFGLIVGGVVI,-4.52838427395954
NKGAINGLIVGGVVI,-0.831486778411155
NKGAITGLIVGGVVI,-3.84734673864631
NKGAIVGLIVGGVVI,-5.60483642161335
NKGAIIELIVGGVVI,-3.97907678766606
NKGAIIRLIVGGVVI,-4.16001477082021
NKGAIIGFIVGGVVI,-3.13779330693858
NKGAIIGHIVGGVVI,-3.99806661681716
NKGAIIGIIVGGVVI,-2.87448083557359
NKGAIIGPIVGGVVI,-4.08904163939797
NKGAIIGRIVGGVVI,-4.64118217391183
DKGAIIGLKVGGVVI,-2.91185343772295
IKGAIIGLKVGGVVI,-4.33612227225503
SKGAIIGLKVGGVVI,-5.44402465972714
TKGAIIGLKVGGVVI,-4.08538170526215
YKGAIIGLKVGGVVI,-3.67289290683294
NEGAIIGLKVGGVVI,-4.91679563005715
NIGAIIGLKVGGVVI,-4.26363947661211
NNGAIIGLKVGGVVI,-3.96632620338454
NRGAIIGLKVGGVVI,-3.13816875460037
NKCAIIGLKVGGVVI,-4.30063684396069
NKDAIIGLKVGGVVI,-4.63800250502261
NKGEIIGLKVGGVVI,-5.04888209585859
NKGGIIGLKVGGVVI,-5.05810916312373
NKGTIIGLKVGGVVI,-3.36687145491411
NKGVIIGLKVGGVVI,-2.50064870768358
NKGAFIGLKVGGVVI,-4.90641839880014
NKGANIGLKVGGVVI,-4.90782696007439
NKGATIGLKVGGVVI,-4.31351697389229
NKGAVIGLKVGGVVI,-4.44648403020348
NKGAIFGLKVGGVVI,-5.45364193879662
NKGAINGLKVGGVVI,-5.30940431120736
NKGAITGLKVGGVVI,-6.27026894923158
NKGAIVGLKVGGVVI,-4.59274591343449
NKGAIIELKVGGVVI,-4.11189545909404
NKGAIIRLKVGGVVI,-4.53558749959454
NKGAIIGFKVGGVVI,-4.12781091170448
NKGAIIGHKVGGVVI,-4.94052634223225
NKGAIIGIKVGGVVI,-3.45664170756211
NKGAIIGPKVGGVVI,-4.11074882770094
DKGAIIGLLVGGVVI,-4.23686154232169
IKGAIIGLLVGGVVI,-1.36326608639058
KKGAIIGLLVGGVVI,-4.61109505210269
SKGAIIGLLVGGVVI,-2.83864659640789
YKGAIIGLLVGGVVI,-2.04195524347214
NEGAIIGLLVGGVVI,-4.17285397494183
NIGAIIGLLVGGVVI,-3.74050071258087
NNGAIIGLLVGGVVI,-2.61904258203857
NQGAIIGLLVGGVVI,-4.93449520715655
NRGAIIGLLVGGVVI,-3.20810043556112
NKAAIIGLLVGGVVI,-4.59437976110561
NKCAIIGLLVGGVVI,-4.04732680469532
NKDAIIGLLVGGVVI,-4.2518193264639
NKSAIIGLLVGGVVI,-4.21589589284442
NKGGIIGLLVGGVVI,-2.05203370648848
NKGPIIGLLVGGVVI,-1.21994800629404
NKGTIIGLLVGGVVI,-1.68622420608323
NKGVIIGLLVGGVVI,-1.08451338129107
NKGAFIGLLVGGVVI,-4.12701970150355
NKGANIGLLVGGVVI,-5.16239063521418
NKGATIGLLVGGVVI,-3.70396899756541
NKGAVIGLLVGGVVI,-3.40930351224054
NKGAIFGLLVGGVVI,-5.10357153720049
NKGAINGLLVGGVVI,-5.99738941322258
NKGAITGLLVGGVVI,0.813345627053749
NKGAIVGLLVGGVVI,-4.14989521202968
NKGAIIELLVGGVVI,-4.84507118541035
NKGAIIRLLVGGVVI,-4.59458006236635
NKGAIIVLLVGGVVI,-2.67324548449551
NKGAIIGFLVGGVVI,-4.05902646980265
NKGAIIGHLVGGVVI,-2.87205865708152
NKGAIIGILVGGVVI,-1.68881135952472
NKGAIIGPLVGGVVI,-5.94609611883503
NKGAIIGVLVGGVVI,-3.7231328235458
NKGAITGLRVGGVVI,-2.12428332237454
DKGAIIGLTVGGVVI,-3.13373926069526
IKGAIIGLTVGGVVI,-3.49549541567808
YKGAIIGLTVGGVVI,-3.39702321607783
NEGAIIGLTVGGVVI,-4.50003643107787
NIGAIIGLTVGGVVI,-3.67562488563301
NNGAIIGLTVGGVVI,-4.28667076420349
NRGAIIGLTVGGVVI,-3.7443477639268
NKCAIIGLTVGGVVI,-4.2671102460845
NKSAIIGLTVGGVVI,-4.51578487229837
NKGGIIGLTVGGVVI,-4.68590377843864
NKGTIIGLTVGGVVI,-3.08317782416156
NKGVIIGLTVGGVVI,-2.70692623428515
NKGAFIGLTVGGVVI,-3.89029634021223
NKGANIGLTVGGVVI,-3.43580404518911
NKGATIGLTVGGVVI,-2.1733935289039
NKGAVIGLTVGGVVI,-4.8685237081287
NKGAIFGLTVGGVVI,-4.9475672887239
NKGAINGLTVGGVVI,-3.19227237150335
NKGAITGLTVGGVVI,-5.74829137076643
NKGAIVGLTVGGVVI,-5.09640921672822
NKGAIIELTVGGVVI,-3.89959873287455
NKGAIIRLTVGGVVI,-3.57417633243992
NKGAIIGFTVGGVVI,-5.24264831097847
NKGAIIGHTVGGVVI,-3.86357466900996
NKGAIIGITVGGVVI,-1.1016002951094
NKGAIIGPTVGGVVI,-2.61982877608463
DKGAIIGLVVGGVVI,-5.74834033736156
IKGAIIGLVVGGVVI,0.878422863129991
KKGAIIGLVVGGVVI,-4.88042798588627
SKGAIIGLVVGGVVI,-5.31123095621161
YKGAIIGLVVGGVVI,-1.40740237544349
NEGAIIGLVVGGVVI,-2.22875422390409
NIGAIIGLVVGGVVI,-2.45037809537543
NNGAIIGLVVGGVVI,-1.26141716919275
NRGAIIGLVVGGVVI,-1.43541020750542
NKCAIIGLVVGGVVI,-2.10171588108355
NKDAIIGLVVGGVVI,-5.34573627755606
NKSAIIGLVVGGVVI,-3.80220017603627
NKVAIIGLVVGGVVI,0.215866512066924
NKGEIIGLVVGGVVI,-4.36186508927536
NKGGIIGLVVGGVVI,-1.35590847749189
NKGSIIGLVVGGVVI,-3.78108874897184
NKGTIIGLVVGGVVI,0.767811056634916
NKGVIIGLVVGGVVI,0.393710519583257
NKGAFIGLVVGGVVI,-3.69946765491476
NKGANIGLVVGGVVI,-1.19824820278457
NKGATIGLVVGGVVI,-2.5221010345283
NKGAVIGLVVGGVVI,-1.95161628948946
NKGAIFGLVVGGVVI,-3.86824820299047
NKGAINGLVVGGVVI,-3.6764505066104
NKGAITGLVVGGVVI,-5.02608184038593
NKGAIVGLVVGGVVI,-3.60342363512395
NKGAIIELVVGGVVI,-5.42116252881618
NKGAIIRLVVGGVVI,-4.60866818776166
NKGAIIGFVVGGVVI,-0.0192595449391965
NKGAIIGHVVGGVVI,-3.03532722433148
NKGAIIGIVVGGVVI,-0.981639285176682
NKGAIIGPVVGGVVI,-2.53483496906117
NKGAIIGRVVGGVVI,-4.75628704677239
DKGAIIGLMAGGVVI,-5.18720644907314
IKGAIIGLMAGGVVI,-2.0934413427562
SKGAIIGLMAGGVVI,-5.11462137338707
YKGAIIGLMAGGVVI,-1.65554354041179
NEGAIIGLMAGGVVI,-3.16069125264816
NIGAIIGLMAGGVVI,-2.70637016469026
NNGAIIGLMAGGVVI,-2.38975724424694
NRGAIIGLMAGGVVI,-2.29166232090806
NKAAIIGLMAGGVVI,-4.51578487229837
NKCAIIGLMAGGVVI,-3.20624426450051
NKDAIIGLMAGGVVI,-3.71409752316321
NKGEIIGLMAGGVVI,-4.57405378042234
NKGPIIGLMAGGVVI,-2.97517184520741
NKGSIIGLMAGGVVI,-4.16902250299971
NKGTIIGLMAGGVVI,-1.87790889159803
NKGVIIGLMAGGVVI,0.635743755110768
NKGAFIGLMAGGVVI,-3.55697874396303
NKGANIGLMAGGVVI,-3.45447047478262
NKGATIGLMAGGVVI,-3.8473703496149
NKGAVIGLMAGGVVI,-3.27125477838553
NKGAIFGLMAGGVVI,-3.3565018034565
NKGAINGLMAGGVVI,-4.86161509158203
NKGAITGLMAGGVVI,-4.61563020726808
NKGAIVGLMAGGVVI,-4.66625969734479
NKGAIIELMAGGVVI,-3.62222230753055
NKGAIIRLMAGGVVI,-3.89168761282675
NKGAIIGFMAGGVVI,-1.18133787201789
NKGAIIGHMAGGVVI,-3.21594849847351
NKGAIIGIMAGGVVI,0.264001824109276
NKGAIIGPMAGGVVI,-4.48199467265331
NKGAIIGLIAGGVVI,-1.45844465514401
NKGAIIGLKAGGVVI,-4.77042709067195
NKGAIIGLLAGGVVI,-3.76647794619902
NKGAIIGLTAGGVVI,-5.7855454171623
NKGAIIGLVAGGVVI,-2.94657636132044
DKGAIIGLMEGGVVI,-4.4109955248179
IKGAIIGLMEGGVVI,-3.52708328150579
SKGAIIGLMEGGVVI,-4.48427614130723
YKGAIIGLMEGGVVI,-2.70346977808547
NEGAIIGLMEGGVVI,-4.94642028666702
NIGAIIGLMEGGVVI,-4.74556546380509
NNGAIIGLMEGGVVI,-2.5948459737126
NRGAIIGLMEGGVVI,-2.77800325242859
NTGAIIGLMEGGVVI,-4.53377572671019
NKCAIIGLMEGGVVI,-3.58177905786108
NKDAIIGLMEGGVVI,-5.59419445364895
NKSAIIGLMEGGVVI,-4.76264495022989
NKVAIIGLMEGGVVI,-3.8590554405335
NKGEIIGLMEGGVVI,-4.79626861687992
NKGGIIGLMEGGVVI,-5.24815276601159
NKGTIIGLMEGGVVI,-2.77200224109075
NKGVIIGLMEGGVVI,-0.174852009042621
NKGAFIGLMEGGVVI,-4.99784395392954
NKGANIGLMEGGVVI,-4.12134181746151
NKGATIGLMEGGVVI,-3.67531014413831
NKGAVIGLMEGGVVI,-0.752881698299272
NKGAIFGLMEGGVVI,-4.5450360735063
NKGAIMGLMEGGVVI,-0.530866802367495
NKGAINGLMEGGVVI,-3.58957448011105
NKGAITGLMEGGVVI,-4.36597618305432
NKGAIVGLMEGGVVI,-3.66285392706494
NKGAIIALMEGGVVI,-2.34722864206484
NKGAIIELMEGGVVI,-5.37080141975456
NKGAIIRLMEGGVVI,-4.63128022634254
NKGAIIGFMEGGVVI,-3.71713791873401
NKGAIIGHMEGGVVI,-2.87407806902422
NKGAIIGIMEGGVVI,-2.50346461018469
NKGAIIGPMEGGVVI,-4.77190620385388
NKGAIIGRMEGGVVI,-3.47245045399272
NKGAIIGVMEGGVVI,-3.68506861637207
NKGAIIGLIEGGVVI,-4.37984245524989
NKGAIIGLKEGGVVI,-5.16381547648236
NKGAIIGLLEGGVVI,-3.49993228903423
NKGAIIGLTEGGVVI,-3.37587712130939
NKGAIIGLVEGGVVI,-2.99236642975363
DKGAIIGLMGGGVVI,-4.29264132098416
YKGAIIGLMGGGVVI,-4.80845448626118
NNGAIIGLMGGGVVI,-4.49368875147179
NRGAIIGLMGGGVVI,-5.07914281934499
NKGATIGLMGGGVVI,-4.9475672887239
NKGAITGLMGGGVVI,-2.97912270428796
NKGAIIGHMGGGVVI,-3.48296032416826
DKGAIIGLMLGGVVI,-4.13319695372211
IKGAIIGLMLGGVVI,-1.26670860269016
SKGAIIGLMLGGVVI,-2.1714223578785
NEGAIIGLMLGGVVI,-2.11409694161301
NIGAIIGLMLGGVVI,-3.2862097883019
NRGAIIGLMLGGVVI,-0.275457197463513
NKCAIIGLMLGGVVI,-2.5008818517561
NKGTIIGLMLGGVVI,0.534594779299463
NKGVIIGLMLGGVVI,2.01462804430914
NKGAFIGLMLGGVVI,-1.89492980970058
NKGALIGLMLGGVVI,-3.47544149175423
NKGANIGLMLGGVVI,-3.12949051117847
NKGAVIGLMLGGVVI,-1.21662130672479
NKGAINGLMLGGVVI,-4.68129931077594
NKGAITGLMLGGVVI,-3.90838150310226
NKGAIVGLMLGGVVI,-2.63519418936369
NKGAIIRLMLGGVVI,-3.47544149175423
NKGAIIGHMLGGVVI,-4.13416345241925
NKGAIIGPMLGGVVI,-3.84793852693002
NKGAIIGLLLGGVVI,-4.42048771557003
NKGAIIGLVLGGVVI,-1.81636823323224
DKGAIIGLMMGGVVI,-2.29217055236663
IKGAIIGLMMGGVVI,-0.637554136792684
SKGAIIGLMMGGVVI,-1.71961464909181
YKGAIIGLMMGGVVI,-0.146325484377341
NEGAIIGLMMGGVVI,-3.08057394433407
NIGAIIGLMMGGVVI,-3.03150231068478
NNGAIIGLMMGGVVI,-0.652238391747324
NRGAIIGLMMGGVVI,-0.334184945355074
NKCAIIGLMMGGVVI,-2.60792642745807
NKDAIIGLMMGGVVI,-4.39279499966307
NKSAIIGLMMGGVVI,-3.06304406018449
NKGEIIGLMMGGVVI,-3.05792508181458
NKGPIIGLMMGGVVI,-1.26622401964349
NKGTIIGLMMGGVVI,0.853308847316607
NKGVIIGLMMGGVVI,1.78019340611554
NKGAFIGLMMGGVVI,-1.32507300911463
NKGANIGLMMGGVVI,-0.723951046816902
NKGATIGLMMGGVVI,-1.34088535410609
NKGAVIGLMMGGVVI,-0.844362585079031
NKGAIFGLMMGGVVI,-3.62911883788065
NKGAINGLMMGGVVI,-4.83843018420134
NKGAITGLMMGGVVI,-4.15596231665602
NKGAIVGLMMGGVVI,-0.842396155190306
NKGAIIELMMGGVVI,-3.23380688595181
NKGAIIRLMMGGVVI,-2.96155684816921
NKGAIIGFMMGGVVI,-2.01560693076246
NKGAIIGHMMGGVVI,-2.55361289587374
NKGAIIGIMMGGVVI,0.831451352232715
NKGAIIGPMMGGVVI,-4.21625557321346
NKGAIIGRMMGGVVI,-4.62582202143938
NKGAIIGLIMGGVVI,-1.60626360322926
NKGAIIGLKMGGVVI,-3.22383372971273
NKGAIIGLLMGGVVI,-2.37613036494718
NKGAIIGLTMGGVVI,-3.36117187165463
NKGAIIGLVMGGVVI,-2.08153464577236
DKGAIIGLMVAGVVI,-4.74259880236143
NNGAIIGLMVAGVVI,-4.51578487229837
NKGAIIGPMVAGVVI,-3.6322839632472
DKGAIIGLMVCGVVI,-4.74265598418755
IKGAIIGLMVCGVVI,-1.66002495116372
KKGAIIGLMVCGVVI,-4.70874281878741
SKGAIIGLMVCGVVI,-3.67282017101196
YKGAIIGLMVCGVVI,-1.78974890677126
NEGAIIGLMVCGVVI,-2.48902764059199
NIGAIIGLMVCGVVI,0.104990397752238
NNGAIIGLMVCGVVI,-1.71754991277156
NQGAIIGLMVCGVVI,-2.13507508772255
NRGAIIGLMVCGVVI,-0.848238148141177
NTGAIIGLMVCGVVI,-0.179495787751141
NKCAIIGLMVCGVVI,-2.61555654317331
NKDAIIGLMVCGVVI,-4.07475810738234
NKRAIIGLMVCGVVI,-3.19966997705715
NKSAIIGLMVCGVVI,-4.09869938918059
NKGEIIGLMVCGVVI,-4.10846715457644
NKGGIIGLMVCGVVI,-2.54967201592553
NKGPIIGLMVCGVVI,-4.22810279984658
NKGSIIGLMVCGVVI,0.767022624845895
NKGTIIGLMVCGVVI,0.530892676476783
NKGVIIGLMVCGVVI,-0.897441154423502
NKGAFIGLMVCGVVI,-2.25565173634798
NKGANIGLMVCGVVI,-2.09279606882142
NKGATIGLMVCGVVI,-3.08355768963732
NKGAVIGLMVCGVVI,-0.861336708873612
NKGAIFGLMVCGVVI,-2.91598915396436
NKGAINGLMVCGVVI,-4.53608394591407
NKGAITGLMVCGVVI,-4.66343078321217
NKGAIVGLMVCGVVI,-2.07421169654148
NKGAIIALMVCGVVI,-4.55500558545165
NKGAIIELMVCGVVI,-2.76933065677181
NKGAIIRLMVCGVVI,-1.89917413702796
NKGAIIVLMVCGVVI,-3.31520636201717
NKGAIIGFMVCGVVI,-2.3765232834493
NKGAIIGHMVCGVVI,-3.97569871961097
NKGAIIGIMVCGVVI,-3.36459396796611
NKGAIIGPMVCGVVI,-2.99715565175873
NKGAIIGLIVCGVVI,-0.827373001308642
NKGAIIGLKVCGVVI,-5.20123442892744
NKGAIIGLLVCGVVI,-0.593508450329785
NKGAIIGLTVCGVVI,-4.28540732732852
NKGAIIGLVVCGVVI,-1.24673113559856
NKGAIIGLMACGVVI,-3.23777208198855
NKGAIIGLMECGVVI,-1.64514998643882
NKGAIIGLMGCGVVI,-2.35591631897815
NKGAIIGLMLCGVVI,1.1419745870456
NKGAIIGLMMCGVVI,-0.202063064936866
DKGAIIGLMVDGVVI,-4.98289433705428
IKGAIIGLMVDGVVI,-3.43852686940347
SKGAIIGLMVDGVVI,-4.96686049165858
YKGAIIGLMVDGVVI,-3.08318342593637
NEGAIIGLMVDGVVI,-5.00966934678707
NIGAIIGLMVDGVVI,-3.80035085100887
NNGAIIGLMVDGVVI,-3.27226539733543
NRGAIIGLMVDGVVI,-4.89836745479918
NKCAIIGLMVDGVVI,-4.8855218949819
NKGPIIGLMVDGVVI,-4.76979155080399
NKGSIIGLMVDGVVI,-5.05227824281293
NKGTIIGLMVDGVVI,-2.83843883632828
NKGVIIGLMVDGVVI,-1.82169567309269
NKGAFIGLMVDGVVI,-4.78576152956057
NKGANIGLMVDGVVI,-5.10565331803111
NKGATIGLMVDGVVI,-3.76089276412593
NKGAVIGLMVDGVVI,-4.18977964330917
NKGAINGLMVDGVVI,-3.93677312539572
NKGAITGLMVDGVVI,-4.04311101449675
NKGAIVGLMVDGVVI,-4.01820447528239
NKGAIIELMVDGVVI,-3.99289760413137
NKGAIIRLMVDGVVI,-5.02260247466682
NKGAIIGHMVDGVVI,-5.41174362162536
NKGAIIGPMVDGVVI,-3.5020388042735
NKGAIIGLIVDGVVI,-3.87886503978977
NKGAIIGLKVDGVVI,-4.38795150078848
NKGAIIGLLVDGVVI,-3.34460189079542
NKGAIIGLTVDGVVI,-5.38590118976139
NKGAIIGLVVDGVVI,-4.42179101224226
NKGAIIGLMADGVVI,-1.49038499708202
NKGAIIGLMEDGVVI,-4.77727748781979
NKGAIIGLMLDGVVI,-4.79341660889664
NKGAIIGLMMDGVVI,-3.88878716461839
DKGAIIGLMVRGVVI,-4.36186508927536
YKGAIIGLMVRGVVI,-2.96715530522691
NIGAIIGLMVRGVVI,-5.07914281934499
NNGAIIGLMVRGVVI,-3.44001206540139
NRGAIIGLMVRGVVI,-3.19819951866859
NKGAVIGLMVRGVVI,-3.05476696498254
NKGAITGLMVRGVVI,-1.32754020139956
NKGAIIGHMVRGVVI,-5.06923071508359
NKGAIIGIMVRGVVI,-4.55500558545165
DKGAIIGLMVSGVVI,-4.69569781376664
IKGAIIGLMVSGVVI,-3.15081310120649
SKGAIIGLMVSGVVI,-3.95895644585153
YKGAIIGLMVSGVVI,-2.58944049564096
NEGAIIGLMVSGVVI,-3.65373103870725
NIGAIIGLMVSGVVI,-4.31282766233202
NNGAIIGLMVSGVVI,-3.24980658458383
NRGAIIGLMVSGVVI,-1.98624618479165
NKAAIIGLMVSGVVI,-4.62911355760537
NKCAIIGLMVSGVVI,-4.00043246962486
NKSAIIGLMVSGVVI,-4.62000580157934
NKGEIIGLMVSGVVI,-4.54529341895424
NKGTIIGLMVSGVVI,-2.58348000226579
NKGVIIGLMVSGVVI,-1.0356246171635
NKGAFIGLMVSGVVI,-4.44569874180144
NKGANIGLMVSGVVI,-4.09891372485569
NKGATIGLMVSGVVI,-4.02766815418085
NKGAVIGLMVSGVVI,-4.76294204866554
NKGAIFGLMVSGVVI,-2.5847633357368
NKGAINGLMVSGVVI,-5.29552053260012
NKGAITGLMVSGVVI,-4.14406008542483
NKGAIVGLMVSGVVI,-5.20985319313959
NKGAIIALMVSGVVI,-4.70037986192233
NKGAIIELMVSGVVI,-5.41594622224263
NKGAIIRLMVSGVVI,-3.41650091855146
NKGAIIGFMVSGVVI,-3.43668711307844
NKGAIIGHMVSGVVI,-5.44325603695971
NKGAIIGPMVSGVVI,-3.86984839005791
NKGAIIGLIVSGVVI,-3.85633933127283
NKGAIIGLKVSGVVI,-4.16252162477375
NKGAIIGLLVSGVVI,-2.67040039237237
NKGAIIGLTVSGVVI,-4.00176045162666
NKGAIIGLVVSGVVI,-4.22934965230511
NKGAIIGLMASGVVI,-4.35052947350042
NKGAIIGLMESGVVI,-2.67655359136004
NKGAIIGLMMSGVVI,-3.60857160478007
DKGAIIGLMVVGVVI,-4.54817717212292
IKGAIIGLMVVGVVI,-3.83881677845897
SKGAIIGLMVVGVVI,-2.51815904152742
YKGAIIGLMVVGVVI,-3.59822060581251
NIGAIIGLMVVGVVI,-4.24422718840499
NNGAIIGLMVVGVVI,-3.01952388263876
NRGAIIGLMVVGVVI,-3.92093443517283
NKCAIIGLMVVGVVI,-3.66718036980787
NKDAIIGLMVVGVVI,-2.18413946587545
NKGTIIGLMVVGVVI,-2.65010917368866
NKGVIIGLMVVGVVI,-2.04826983202464
NKGAFIGLMVVGVVI,-5.17620049588394
NKGANIGLMVVGVVI,-1.62743480160278
NKGATIGLMVVGVVI,-4.54534367453991
NKGAVIGLMVVGVVI,-4.42553436795853
NKGAIFGLMVVGVVI,-3.29500494965605
NKGAINGLMVVGVVI,-2.82440731098074
NKGAITGLMVVGVVI,-2.20710207121239
NKGAIVGLMVVGVVI,-0.851208858260571
NKGAIIELMVVGVVI,-0.778965955895309
NKGAIIGFMVVGVVI,-3.53590082035898
NKGAIIGHMVVGVVI,-4.70194685087802
NKGAIIGPMVVGVVI,-4.77494786046332
NKGAIIGLIVVGVVI,-4.93978250851721
NKGAIIGLKVVGVVI,-4.87345931657018
NKGAIIGLLVVGVVI,-4.42048771557003
NKGAIIGLVVVGVVI,-4.65716140282321
NKGAIIGLMAVGVVI,-4.77814913676586
NKGAIIGLMEVGVVI,-3.36409346872918
NKGAIIGLMMVGVVI,-3.63887083303321
YKGAIIGLMVGAVVI,-4.89422130801861
NIGAIIGLMVGAVVI,-4.97320971933724
NKGANIGLMVGAVVI,-4.8595643571736
DKGAIIGLMVGCVVI,-2.32703607077395
IKGAIIGLMVGCVVI,-0.688540560134227
SKGAIIGLMVGCVVI,-3.9534743157415
TKGAIIGLMVGCVVI,-4.31026042179291
YKGAIIGLMVGCVVI,-1.7971443016192
NEGAIIGLMVGCVVI,-2.87276530288998
NIGAIIGLMVGCVVI,-3.59838989362124
NNGAIIGLMVGCVVI,-1.0434590429214
NRGAIIGLMVGCVVI,-2.18164109025184
NTGAIIGLMVGCVVI,-2.09653212667019
NKCAIIGLMVGCVVI,-1.73779600256047
NKDAIIGLMVGCVVI,-4.63995903615212
NKRAIIGLMVGCVVI,-4.71463573104353
NKSAIIGLMVGCVVI,-2.35631990490715
NKVAIIGLMVGCVVI,-1.78669680034086
NKGEIIGLMVGCVVI,-4.14547537502674
NKGGIIGLMVGCVVI,-2.74619616661777
NKGPIIGLMVGCVVI,-0.0100215400284752
NKGSIIGLMVGCVVI,-1.18217620533341
NKGTIIGLMVGCVVI,-0.0811396433577101
NKGVIIGLMVGCVVI,-0.549801931712478
NKGAFIGLMVGCVVI,-3.23621211203803
NKGANIGLMVGCVVI,0.520282698686666
NKGATIGLMVGCVVI,-1.46601645846727
NKGAVIGLMVGCVVI,-0.474868428800809
NKGAIFGLMVGCVVI,-2.49058867871795
NKGAINGLMVGCVVI,-1.95350586558762
NKGAITGLMVGCVVI,-2.76870511623513
NKGAIVGLMVGCVVI,-0.460651384271808
NKGAIIELMVGCVVI,-3.22790465434624
NKGAIIRLMVGCVVI,-4.38086448178646
NKGAIIVLMVGCVVI,-4.79626861687992
NKGAIIGFMVGCVVI,-2.84357004940864
NKGAIIGHMVGCVVI,-0.426578088048698
NKGAIIGIMVGCVVI,-1.73881902355419
NKGAIIGPMVGCVVI,-1.39093391807768
NKGAIIGRMVGCVVI,-1.54362115387828
NKGAIIGVMVGCVVI,-3.06635239491483
NKGAIIGLIVGCVVI,-4.2893136691956
NKGAIIGLKVGCVVI,-4.00140346627689
NKGAIIGLLVGCVVI,-3.06604635345689
NKGAIIGLTVGCVVI,-4.51127696128688
NKGAIIGLVVGCVVI,-2.64035046748414
NKGAIIGLMAGCVVI,-1.61717334403035
NKGAIIGLMEGCVVI,-4.24171986836744
NKGAIIGLMLGCVVI,-3.27139854283338
NKGAIIGLMMGCVVI,-1.30610730515606
NKGAIIGLMVACVVI,-3.3524724906801
NKGAIIGLMVCCVVI,-3.18413927422252
NKGAIIGLMVDCVVI,-2.6741285353175
NKGAIIGLMVSCVVI,-3.6471220970653
NKGAIIGLMVVCVVI,-3.15542424369386
DKGAIIGLMVGDVVI,-5.30392969853435
IKGAIIGLMVGDVVI,0.88993101005163
SKGAIIGLMVGDVVI,-4.92684911363668
YKGAIIGLMVGDVVI,-0.663911194440449
NEGAIIGLMVGDVVI,-4.80554815722886
NIGAIIGLMVGDVVI,-3.08846410209436
NNGAIIGLMVGDVVI,-2.85875278992873
NRGAIIGLMVGDVVI,-1.767269879847
NKCAIIGLMVGDVVI,-2.67242869693414
NKDAIIGLMVGDVVI,-4.78971438884939
NKSAIIGLMVGDVVI,-5.04641312336054
NKGEIIGLMVGDVVI,-4.92124998040653
NKGPIIGLMVGDVVI,-0.404222407436832
NKGTIIGLMVGDVVI,-1.88030134771787
NKGVIIGLMVGDVVI,-0.810745071564211
NKGAFIGLMVGDVVI,-5.41318196160349
NKGANIGLMVGDVVI,-4.07462984884628
NKGATIGLMVGDVVI,-3.24055547460309
NKGAVIGLMVGDVVI,-2.92099506250611
NKGAIFGLMVGDVVI,-4.48541024931798
NKGAINGLMVGDVVI,-2.16880692706722
NKGAITGLMVGDVVI,-4.66610507751295
NKGAIVGLMVGDVVI,-4.10048269854237
NKGAIIELMVGDVVI,-3.69851276005081
NKGAIIRLMVGDVVI,-4.69635451333101
NKGAIIGFMVGDVVI,-1.28055497414047
NKGAIIGHMVGDVVI,-3.29071049447969
NKGAIIGIMVGDVVI,-3.68506861637207
NKGAIIGPMVGDVVI,-5.76281716608475
NKGAIIGVMVGDVVI,-1.90684548054557
NKGAIIGLIVGDVVI,-0.999074421214897
NKGAIIGLKVGDVVI,-4.52958538849064
NKGAIIGLLVGDVVI,-2.49627656200159
NKGAIIGLTVGDVVI,-3.9397058374164
NKGAIIGLVVGDVVI,-0.254337407251869
NKGAIIGLMAGDVVI,-2.8879570941981
NKGAIIGLMEGDVVI,-3.1277115528589
NKGAIIGLMLGDVVI,-2.74265717337717
NKGAIIGLMMGDVVI,-1.86138616388359
NKGAIIGLMVCDVVI,-3.15500073205366
NKGAIIGLMVDDVVI,-2.64219148682834
NKGAIIGLMVSDVVI,-4.67893889267795
IKGAIIGLMVGRVVI,-3.82263769173842
YKGAIIGLMVGRVVI,-3.33401196458467
NKCAIIGLMVGRVVI,-4.45775384423295
NKGVIIGLMVGRVVI,-2.0992555199551
NKGAFIGLMVGRVVI,-4.30506384098271
NKGAITGLMVGRVVI,-4.89422130801861
NKGAIVGLMVGRVVI,-3.91286882557588
NKGAIIGHMVGRVVI,-5.09239823660236
NKGAIIGLLVGRVVI,-4.76979155080399
NKGAIIGLMEGRVVI,-5.18872934554079
NKGAIIGLMVCRVVI,-4.08151214829304
DKGAIIGLMVGSVVI,-3.53203103013205
IKGAIIGLMVGSVVI,-0.576689209055698
SKGAIIGLMVGSVVI,-3.61063977227564
YKGAIIGLMVGSVVI,-2.05047775369695
NEGAIIGLMVGSVVI,-5.13298173979784
NIGAIIGLMVGSVVI,-3.04617023775157
NNGAIIGLMVGSVVI,-2.90298275763568
NRGAIIGLMVGSVVI,-3.2833344563538
NTGAIIGLMVGSVVI,-4.57405378042234
NKCAIIGLMVGSVVI,-2.73611422031191
NKDAIIGLMVGSVVI,-5.53234216612924
NKSAIIGLMVGSVVI,-3.94193039323677
NKGGIIGLMVGSVVI,-2.97978159700768
NKGSIIGLMVGSVVI,-4.28885386008003
NKGTIIGLMVGSVVI,-0.952306598932311
NKGVIIGLMVGSVVI,-0.533398184210926
NKGAFIGLMVGSVVI,-4.93554982166865
NKGANIGLMVGSVVI,-2.78571929591709
NKGATIGLMVGSVVI,-4.63025123328454
NKGAVIGLMVGSVVI,-2.85261239578951
NKGAIFGLMVGSVVI,-4.72171077639697
NKGAINGLMVGSVVI,-4.18653178573796
NKGAITGLMVGSVVI,-4.30755027987436
NKGAIVGLMVGSVVI,-0.778715085927826
NKGAIIELMVGSVVI,-4.89056289653799
NKGAIIRLMVGSVVI,-2.45818381821286
NKGAIIVLMVGSVVI,-4.0030249698981
NKGAIIGFMVGSVVI,-3.59923282106502
NKGAIIGHMVGSVVI,-3.28198533630852
NKGAIIGIMVGSVVI,-2.45332416007518
NKGAIIGPMVGSVVI,-4.17142072665162
NKGAIIGLIVGSVVI,-3.26689802705422
NKGAIIGLKVGSVVI,-4.82774622640132
NKGAIIGLLVGSVVI,-2.01555386768173
NKGAIIGLTVGSVVI,-4.14127037546418
NKGAIIGLVVGSVVI,-2.50269559274537
NKGAIIGLMAGSVVI,-4.457137580467
NKGAIIGLMEGSVVI,-4.2996182115502
NKGAIIGLMLGSVVI,-3.10553824912687
NKGAIIGLMMGSVVI,-3.97069645141326
NKGAIIGLMVCSVVI,-3.40422135019602
NKGAIIGLMVDSVVI,-4.40140902648615
NKGAIIGLMVRSVVI,-5.33996031526471
NKGAIIGLMVSSVVI,-4.46528839669984
NKGAIIGLMVVSVVI,-4.29692882374941
DKGAIIGLMVGVVVI,-5.02260247466682
IKGAIIGLMVGVVVI,-2.35465354989394
YKGAIIGLMVGVVVI,-3.77852683804836
NIGAIIGLMVGVVVI,-4.77814913676586
NNGAIIGLMVGVVVI,-4.53604277045761
NKGAIIGHMVGVVVI,-1.98371719826407
NKGAIIGLMVCVVVI,-4.05893215474817
DKGAIIGLMVGGAVI,-5.32545656298064
IKGAIIGLMVGGAVI,-3.19890166800226
SKGAIIGLMVGGAVI,-3.27567497851766
YKGAIIGLMVGGAVI,-2.46860163390212
NEGAIIGLMVGGAVI,-3.01833165834658
NIGAIIGLMVGGAVI,-4.35782701104274
NNGAIIGLMVGGAVI,-3.62674991624582
NRGAIIGLMVGGAVI,-2.84401214730513
NKAAIIGLMVGGAVI,-3.25658373572251
NKCAIIGLMVGGAVI,-3.80152474208532
NKDAIIGLMVGGAVI,-4.09582659659056
NKGTIIGLMVGGAVI,-2.68067759379874
NKGVIIGLMVGGAVI,-1.12675511704733
NKGAFIGLMVGGAVI,-3.06058001794427
NKGANIGLMVGGAVI,-4.61995235594648
NKGATIGLMVGGAVI,-3.49220117845873
NKGAVIGLMVGGAVI,-4.40503702416784
NKGAIFGLMVGGAVI,-4.74689659326175
NKGAINGLMVGGAVI,-5.15686613834885
NKGAITGLMVGGAVI,-4.81913475818829
NKGAIVGLMVGGAVI,-4.16278312033645
NKGAIIELMVGGAVI,-4.99201905129474
NKGAIIRLMVGGAVI,-4.96735612084077
NKGAIIGFMVGGAVI,-3.92206644804786
NKGAIIGHMVGGAVI,-4.55325211898359
NKGAIIGIMVGGAVI,-3.13320199338469
NKGAIIGPMVGGAVI,-6.0064392487425
NKGAIIGRMVGGAVI,0.481282574935533
NKGAIIGLIVGGAVI,-4.18066401506963
NKGAIIGLKVGGAVI,-4.62640434301901
NKGAIIGLLVGGAVI,-4.63834892291688
NKGAIIGLTVGGAVI,-4.60696066357445
NKGAIIGLVVGGAVI,-4.52531167366351
NKGAIIGLMAGGAVI,-4.61225347084342
NKGAIIGLMEGGAVI,-3.83261900536891
NKGAIIGLMMGGAVI,-3.66536596023744
NKGAIIGLMVAGAVI,-4.55500558545165
NKGAIIGLMVCGAVI,-3.93849143526833
NKGAIIGLMVDGAVI,-5.21888238371148
NKGAIIGLMVVGAVI,-2.12725734950359
NKGAIIGLMVGAAVI,-4.02148855048358
NKGAIIGLMVGCAVI,-5.26187501254719
NKGAIIGLMVGDAVI,-3.66525233727807
NKGAIIGLMVGSAVI,-4.11875515735367
DKGAIIGLMVGGDVI,-4.01744914969342
IKGAIIGLMVGGDVI,-3.10766906808654
SKGAIIGLMVGGDVI,-3.41235436897221
YKGAIIGLMVGGDVI,-3.20056586964251
NEGAIIGLMVGGDVI,-3.46951307218786
NIGAIIGLMVGGDVI,-2.95004388821509
NNGAIIGLMVGGDVI,-4.75524000278206
NRGAIIGLMVGGDVI,-4.82851234878522
NTGAIIGLMVGGDVI,-3.94172606142224
NKCAIIGLMVGGDVI,-3.80276970489194
NKDAIIGLMVGGDVI,-5.70448712974347
NKSAIIGLMVGGDVI,-3.61602344237542
NKVAIIGLMVGGDVI,-3.31520636201717
NKGGIIGLMVGGDVI,-4.86644174391153
NKGSIIGLMVGGDVI,-5.1784728453736
NKGTIIGLMVGGDVI,-1.28328031296376
NKGVIIGLMVGGDVI,-0.599398501513491
NKGAFIGLMVGGDVI,-5.54648439309022
NKGAMIGLMVGGDVI,-3.82263769173842
NKGANIGLMVGGDVI,-4.83472184944985
NKGATIGLMVGGDVI,-5.59306938169034
NKGAVIGLMVGGDVI,-3.58120625905109
NKGAIFGLMVGGDVI,-4.73625819505669
NKGAIMGLMVGGDVI,-5.22873468015449
NKGAINGLMVGGDVI,-5.55456335902603
NKGAITGLMVGGDVI,-4.04623784209377
NKGAIVGLMVGGDVI,-4.47686194386777
NKGAIIELMVGGDVI,-4.23031088966433
NKGAIIRLMVGGDVI,-4.62014488762261
NKGAIIVLMVGGDVI,-4.57405378042234
NKGAIIGFMVGGDVI,-2.25160429102331
NKGAIIGHMVGGDVI,-5.39250366027139
NKGAIIGIMVGGDVI,-4.09203562533902
NKGAIIGPMVGGDVI,-5.87814076900094
NKGAIIGVMVGGDVI,-4.43929331813752
NKGAIIGLIVGGDVI,-4.78647665030798
NKGAIIGLKVGGDVI,-5.96047956906741
NKGAIIGLLVGGDVI,-4.79193073707118
NKGAIIGLTVGGDVI,-3.26250044153902
NKGAIIGLVVGGDVI,-2.9174669277226
NKGAIIGLMAGGDVI,-3.94523822157361
NKGAIIGLMEGGDVI,-3.66403266156178
NKGAIIGLMLGGDVI,-4.85225710891958
NKGAIIGLMMGGDVI,-4.67383720066291
NKGAIIGLMVCGDVI,-4.45615857861197
NKGAIIGLMVSGDVI,-5.1304400161874
NKGAIIGLMVVGDVI,-4.46097663580337
NKGAIIGLMVGCDVI,-5.09254018889488
NKGAIIGLMVGDDVI,-3.70829744422972
NKGAIIGLMVGRDVI,-4.53558749959454
NKGAIIGLMVGSDVI,-4.22387099432617
DKGAIIGLMVGGFVI,-4.74689659326175
YKGAIIGLMVGGFVI,-1.26040781460742
NIGAIIGLMVGGFVI,-3.34788901831297
NRGAIIGLMVGGFVI,-3.77852683804836
NKGAFIGLMVGGFVI,-4.67121635781637
NKGAVIGLMVGGFVI,-5.04641312336054
NKGAIIGHMVGGFVI,-4.49368875147179
NKGAIIGLVVGGFVI,-3.43697521092644
NKGAIIGLMVCGFVI,-0.664330301700261
NKGAIIGLMVGCFVI,-2.98707814327231
DKGAIIGLMVGGGVI,-4.36043157350643
YKGAIIGLMVGGGVI,-3.84793852693002
NNGAIIGLMVGGGVI,-3.47544149175423
NKCAIIGLMVGGGVI,-2.69858864933059
NKGTIIGLMVGGGVI,-4.73089625191531
NKGAVIGLMVGGGVI,-4.04844436047211
NKGAIIGHMVGGGVI,-4.88042798588627
NKGAIIGLMMGGGVI,-4.64681313470477
NKGAIIGLMVCGGVI,-5.37444649133588
NKGAIIGLMVSGGVI,-4.46449157791081
NKGAIIGLMVGCGVI,-4.71463573104353
NKGAIIGLMVGDGVI,-2.66809933289422
DKGAIIGLMVGGIVI,-4.20660784115805
HKGAIIGLMVGGIVI,0.126599777360129
IKGAIIGLMVGGIVI,0.165549543742448
SKGAIIGLMVGGIVI,-2.53664901001808
TKGAIIGLMVGGIVI,-3.23111223739093
YKGAIIGLMVGGIVI,0.277648465021282
NEGAIIGLMVGGIVI,-2.54629982516627
NIGAIIGLMVGGIVI,-0.902472295096722
NNGAIIGLMVGGIVI,0.0810715993874653
NRGAIIGLMVGGIVI,-0.329084337248616
NKCAIIGLMVGGIVI,-1.20485724447979
NKDAIIGLMVGGIVI,-3.08866851665822
NKGEIIGLMVGGIVI,-3.98854888641441
NKGPIIGLMVGGIVI,-2.48157062959236
NKGSIIGLMVGGIVI,-2.81506235360026
NKGTIIGLMVGGIVI,1.46327495525872
NKGVIIGLMVGGIVI,1.35491645848509
NKGAFIGLMVGGIVI,-1.82857254201648
NKGANIGLMVGGIVI,-0.413045754634767
NKGATIGLMVGGIVI,-0.369762812334661
NKGAVIGLMVGGIVI,0.0873046714322582
NKGAIFGLMVGGIVI,-2.5206250940533
NKGAINGLMVGGIVI,-3.72097995376618
NKGAITGLMVGGIVI,-4.24186361591254
NKGAIVGLMVGGIVI,-1.365506721818
NKGAIIRLMVGGIVI,-3.48846880577044
NKGAIIGFMVGGIVI,0.155623474307629
NKGAIIGHMVGGIVI,-3.1894098589213
NKGAIIGIMVGGIVI,2.27243583798858
NKGAIIGPMVGGIVI,-3.62685347234237
NKGAIIGLIVGGIVI,-2.74030656880183
NKGAIIGLKVGGIVI,-3.80030546521222
NKGAIIGLLVGGIVI,-3.39789046475346
NKGAIIGLRVGGIVI,-4.55500558545165
NKGAIIGLTVGGIVI,-4.18769905053583
NKGAIIGLVVGGIVI,-0.822104640307635
NKGAIIGLMAGGIVI,-0.677086731503294
NKGAIIGLMEGGIVI,-2.78614742697343
NKGAIIGLMLGGIVI,1.17814530591482
NKGAIIGLMMGGIVI,0.106369031585096
NKGAIIGLMVCGIVI,0.453578969292029
NKGAIIGLMVDGIVI,-4.37419354995637
NKGAIIGLMVSGIVI,-3.40876095562584
NKGAIIGLMVVGIVI,-4.91911253132053
NKGAIIGLMVGCIVI,-1.81698622160266
NKGAIIGLMVGDIVI,-1.8171328154267
NKGAIIGLMVGSIVI,-2.58342606900261
DKGAIIGLMVGGLVI,-5.35735205797658
IKGAIIGLMVGGLVI,-2.47556404377181
YKGAIIGLMVGGLVI,-2.33974852995333
NRGAIIGLMVGGLVI,-3.13745868082765
NKGVIIGLMVGGLVI,1.28379692717871
NKGAITGLMVGGLVI,-4.73089625191531
NKGAIIELMVGGLVI,-4.57405378042234
NKGAIIGLLVGGLVI,-4.68129931077594
NKGAIIGLMVCGLVI,-0.403091171408067
DKGAIIGLMVGGVAI,-4.24987398111574
IKGAIIGLMVGGVAI,-2.78820272992525
SKGAIIGLMVGGVAI,-4.62582202143938
YKGAIIGLMVGGVAI,-3.20961741949057
NEGAIIGLMVGGVAI,-3.90320027472363
NIGAIIGLMVGGVAI,-4.41591960400239
NNGAIIGLMVGGVAI,-3.23051208665906
NRGAIIGLMVGGVAI,-3.32957224131845
NKCAIIGLMVGGVAI,-3.51377405242757
NKDAIIGLMVGGVAI,-4.24703255670201
NKGPIIGLMVGGVAI,-1.74319615005858
NKGSIIGLMVGGVAI,-3.77415645283914
NKGTIIGLMVGGVAI,-2.92481438151991
NKGVIIGLMVGGVAI,-1.60542081624532
NKGAFIGLMVGGVAI,-5.26049310679889
NKGANIGLMVGGVAI,-5.07540066023379
NKGATIGLMVGGVAI,-4.57477788883671
NKGAVIGLMVGGVAI,-2.17886586752707
NKGAIFGLMVGGVAI,-3.79468367199034
NKGAINGLMVGGVAI,-4.09854077691876
NKGAITGLMVGGVAI,-5.24210933307032
NKGAIVGLMVGGVAI,-4.69907976374114
NKGAIIELMVGGVAI,-4.7068023533314
NKGAIIGFMVGGVAI,-4.9432288871253
NKGAIIGHMVGGVAI,-4.52507493487286
NKGAIIGLIVGGVAI,-3.30319185522564
NKGAIIGLKVGGVAI,-4.9278945231252
NKGAIIGLLVGGVAI,-3.42801250825727
NKGAIIGLTVGGVAI,-4.84721977966615
NKGAIIGLVVGGVAI,-5.40239798535972
NKGAIIGLMEGGVAI,-5.69938642120515
NKGAIIGLMLGGVAI,-2.98707814327231
NKGAIIGLMMGGVAI,-3.84351821671048
NKGAIIGLMVCGVAI,-3.51811667672577
NKGAIIGLMVDGVAI,-3.60805293390261
NKGAIIGLMVSGVAI,-5.80085896079895
NKGAIIGLMVVGVAI,-4.8595643571736
NKGAIIGLMVGCVAI,-3.58502685867293
NKGAIIGLMVGDVAI,-4.01120421809636
NKGAIIGLMVGSVAI,-1.18316063887922
NKGAIIGLMVGGAAI,-4.40709889456865
NKGAIIGLMVGGDAI,-4.14149338834037
NKGAIIGLMVGGIAI,-3.70984219759308
DKGAIIGLMVGGVDI,-4.51300619528891
HKGAIIGLMVGGVDI,-5.0388946345693
IKGAIIGLMVGGVDI,-3.69961094796175
SKGAIIGLMVGGVDI,-3.96896517549364
TKGAIIGLMVGGVDI,-4.62911355760537
YKGAIIGLMVGGVDI,-3.67433572542387
NEGAIIGLMVGGVDI,-3.29760164955323
NIGAIIGLMVGGVDI,-3.02025484232059
NNGAIIGLMVGGVDI,-4.13876168878387
NRGAIIGLMVGGVDI,-3.69724561828579
NKAAIIGLMVGGVDI,-2.46036405415983
NKCAIIGLMVGGVDI,-3.76496167230516
NKDAIIGLMVGGVDI,-3.86116196718303
NKSAIIGLMVGGVDI,-5.29173465312984
NKVAIIGLMVGGVDI,-2.11167390194806
NKGEIIGLMVGGVDI,-4.96638912676666
NKGGIIGLMVGGVDI,-3.20451483764632
NKGSIIGLMVGGVDI,-1.4853096503005
NKGTIIGLMVGGVDI,-3.37813710479425
NKGVIIGLMVGGVDI,-0.854256100840718
NKGAFIGLMVGGVDI,-3.55483952834997
NKGAMIGLMVGGVDI,-4.68590377843864
NKGANIGLMVGGVDI,-4.2960597806476
NKGATIGLMVGGVDI,-4.00159532320673
NKGAVIGLMVGGVDI,-4.1939801981744
NKGAIFGLMVGGVDI,-4.51578487229837
NKGAINGLMVGGVDI,-5.38476676895145
NKGAITGLMVGGVDI,-5.76206088143279
NKGAIVGLMVGGVDI,-4.30976734162893
NKGAIIALMVGGVDI,-4.25442010816396
NKGAIIELMVGGVDI,-2.09141237486949
NKGAIIRLMVGGVDI,-4.75480177276886
NKGAIIVLMVGGVDI,-4.80845448626118
NKGAIIGFMVGGVDI,-4.87425899150736
NKGAIIGHMVGGVDI,-4.22988309345197
NKGAIIGIMVGGVDI,-2.6677742047648
NKGAIIGPMVGGVDI,-4.74699530957479
NKGAIIGRMVGGVDI,-4.58840199118663
NKGAIIGVMVGGVDI,-3.39179721827921
NKGAIIGLIVGGVDI,-3.71944475203907
NKGAIIGLKVGGVDI,-4.26579222644304
NKGAIIGLLVGGVDI,-4.45269280602526
NKGAIIGLTVGGVDI,-3.16471642884438
NKGAIIGLVVGGVDI,-4.06573012797818
NKGAIIGLMAGGVDI,-5.16096011434779
NKGAIIGLMEGGVDI,-4.72276159389238
NKGAIIGLMLGGVDI,-3.29119399439018
NKGAIIGLMMGGVDI,-3.93183847809203
NKGAIIGLMVCGVDI,-4.5917012710765
NKGAIIGLMVDGVDI,-5.99728148161315
NKGAIIGLMVSGVDI,-5.65242576479897
NKGAIIGLMVVGVDI,-5.25772221702774
NKGAIIGLMVGCVDI,-4.0550774348573
NKGAIIGLMVGDVDI,-4.39574722204696
NKGAIIGLMVGRVDI,-5.18217952937569
NKGAIIGLMVGSVDI,-4.68494704898099
NKGAIIGLMVGGADI,-3.57671731707024
NKGAIIGLMVGGDDI,-4.50100772035645
NKGAIIGLMVGGGDI,-4.76264495022989
NKGAIIGLMVGGIDI,-3.93013753865813
NKGAIIGLMVGGLDI,-4.43929331813752
DKGAIIGLMVGGVFI,-4.87477849038005
YKGAIIGLMVGGVFI,-3.56593500426352
NIGAIIGLMVGGVFI,-4.47588173007259
NRGAIIGLMVGGVFI,-1.21067403946428
NKDAIIGLMVGGVFI,-4.62582202143938
NKGVIIGLMVGGVFI,-0.0668060679312906
NKGAVIGLMVGGVFI,-4.59274591343449
NKGAIIGHMVGGVFI,-4.79341660889664
NKGAIIGLKVGGVFI,-4.66420487741664
NKGAIIGLMEGGVFI,-2.65145471023547
NKGAIIGLMVGCVFI,-4.05374941270181
NKGAIIGLMVGDVFI,-0.159076045608773
NKGAIIGLMVGGDFI,-3.97386146579214
DKGAIIGLMVGGVGI,-3.69933947539393
IKGAIIGLMVGGVGI,-1.49361934167622
NRGAIIGLMVGGVGI,-5.32226073816531
NKGTIIGLMVGGVGI,-5.20893205285831
NKGAITGLMVGGVGI,-4.20107412745867
NKGAIVGLMVGGVGI,-3.14273573792849
NKGAIIGLVVGGVGI,-3.27624926797159
NKGAIIGLMMGGVGI,-4.65631133787575
NKGAIIGLMVGCVGI,-4.04069513858009
NKGAIIGLMVGGDGI,-3.72863960225428
DKGAIIGLMVGGVII,-5.33192629953121
IKGAIIGLMVGGVII,-1.48956380896853
SKGAIIGLMVGGVII,-3.7715235264086
YKGAIIGLMVGGVII,-0.765990675348024
NEGAIIGLMVGGVII,-4.59593580985386
NIGAIIGLMVGGVII,-3.06814383224629
NNGAIIGLMVGGVII,-2.00982812361504
NRGAIIGLMVGGVII,-2.24575598825565
NKAAIIGLMVGGVII,-1.48076364179752
NKCAIIGLMVGGVII,-1.40551735248061
NKDAIIGLMVGGVII,-3.80921467140628
NKSAIIGLMVGGVII,-4.83786837146748
NKGEIIGLMVGGVII,-5.48656378945659
NKGSIIGLMVGGVII,-3.36088455262671
NKGTIIGLMVGGVII,1.37765782775776
NKGVIIGLMVGGVII,1.16896060406884
NKGAFIGLMVGGVII,-3.69849098620084
NKGANIGLMVGGVII,-3.98244419703247
NKGATIGLMVGGVII,-1.46501735703542
NKGAVIGLMVGGVII,-2.63852374567187
NKGAIFGLMVGGVII,-3.64828430459364
NKGAINGLMVGGVII,-5.16468587307926
NKGAITGLMVGGVII,-4.27292752480619
NKGAIVGLMVGGVII,-1.48918175569612
NKGAIIELMVGGVII,-4.71465060395323
NKGAIIRLMVGGVII,-4.84214211958411
NKGAIIGFMVGGVII,-4.47030610290177
NKGAIIGHMVGGVII,-3.87162440730071
NKGAIIGIMVGGVII,0.275971269270139
NKGAIIGPMVGGVII,-4.48800617259324
NKGAIIGRMVGGVII,-3.09307824408903
NKGAIIGLIVGGVII,-2.74227487842956
NKGAIIGLKVGGVII,-4.75480177276886
NKGAIIGLLVGGVII,-4.39109715744351
NKGAIIGLTVGGVII,-4.70852430102708
NKGAIIGLVVGGVII,-0.836849132803124
NKGAIIGLMAGGVII,-4.23435603765387
NKGAIIGLMEGGVII,-3.30970629971347
NKGAIIGLMMGGVII,-0.713500996656126
NKGAIIGLMVCGVII,-2.09099730174648
NKGAIIGLMVDGVII,-5.38288535998175
NKGAIIGLMVSGVII,-3.98779559843039
NKGAIIGLMVVGVII,-3.53050126893726
NKGAIIGLMVGCVII,-1.84137101313689
NKGAIIGLMVGDVII,-2.12359848145136
NKGAIIGLMVGSVII,-1.51154844192454
NKGAIIGLMVGGAII,-5.3461300864641
NKGAIIGLMVGGDII,-5.07768435448137
NKGAIIGLMVGGIII,-1.22278402933473
DKGAIIGLMVGGVLI,-3.54820084603666
IKGAIIGLMVGGVLI,-3.9438272818876
NNGAIIGLMVGGVLI,-1.64791068513591
NRGAIIGLMVGGVLI,-4.51578487229837
NKGVIIGLMVGGVLI,0.292591441044126
NKGAFIGLMVGGVLI,-4.93449520715655
NKGATIGLMVGGVLI,-1.37446728177604
NKGAVIGLMVGGVLI,-3.02048798925438
NKGAIIGLKVGGVLI,-5.05810916312373
NKGAIIGLMVCGVLI,-2.34673117192884
NKGAIIGLMVVGVLI,-4.37652280496486
NKGAIIGLMVGCVLI,-2.83230875381977
NKGAIIGLMVGDVLI,-2.96461586798824
NKGAIIGLMVGGALI,-4.51578487229837
DKGAIIGLMVGGVVK,-4.02189104787744
IKGAIIGLMVGGVVK,-2.03252516470101
SKGAIIGLMVGGVVK,-5.00906782114989
YKGAIIGLMVGGVVK,-2.85546254582924
NEGAIIGLMVGGVVK,-3.90775446935137
NIGAIIGLMVGGVVK,-2.68827304296954
NNGAIIGLMVGGVVK,-3.49053385192474
NRGAIIGLMVGGVVK,-3.4135064864335
NKCAIIGLMVGGVVK,-4.21335551057113
NKDAIIGLMVGGVVK,-4.68228279897652
NKVAIIGLMVGGVVK,-3.29500494965605
NKGGIIGLMVGGVVK,-4.13012239148638
NKGSIIGLMVGGVVK,-4.5061944226724
NKGTIIGLMVGGVVK,-0.927959083200218
NKGVIIGLMVGGVVK,-0.346160302229308
NKGAFIGLMVGGVVK,-3.0593690219257
NKGANIGLMVGGVVK,-5.73579349984966
NKGATIGLMVGGVVK,-4.74283852434186
NKGAVIGLMVGGVVK,-5.14789753373829
NKGAINGLMVGGVVK,-3.15191040283622
NKGAITGLMVGGVVK,-5.25384966681561
NKGAIVGLMVGGVVK,-3.80823014045355
NKGAIIELMVGGVVK,-3.95182573273079
NKGAIIGFMVGGVVK,-3.96317685254505
NKGAIIGHMVGGVVK,-5.55686521686506
NKGAIIGIMVGGVVK,-1.93454087129488
NKGAIIGPMVGGVVK,-5.13247139533234
NKGAIIGRMVGGVVK,-4.61022371760011
NKGAIIGLIVGGVVK,-3.98438367524412
NKGAIIGLKVGGVVK,-4.82274009700168
NKGAIIGLLVGGVVK,-4.29762886249519
NKGAIIGLTVGGVVK,-4.2131833312214
NKGAIIGLVVGGVVK,-3.517427440225
NKGAIIGLMAGGVVK,-3.13211242272062
NKGAIIGLMEGGVVK,-4.76256204221526
NKGAIIGLMLGGVVK,-4.87175929975187
NKGAIIGLMMGGVVK,-3.16856892864843
NKGAIIGLMVCGVVK,-2.75016121564394
NKGAIIGLMVDGVVK,-4.82068704589962
NKGAIIGLMVSGVVK,-3.69110127777154
NKGAIIGLMVVGVVK,-5.4190656684212
NKGAIIGLMVGCVVK,-3.39529137100892
NKGAIIGLMVGDVVK,-5.72879907694063
NKGAIIGLMVGSVVK,-5.24311907537882
NKGAIIGLMVGGAVK,-5.01048111413447
NKGAIIGLMVGGDVK,-5.03407300053493
NKGAIIGLMVGGIVK,-3.49687032464361
NKGAIIGLMVGGVAK,-3.86880823835141
NKGAIIGLMVGGVDK,-4.71143490703814
NKGAIIGLMVGGVIK,-2.88699325708232
DKGAIIGLMVGGVVL,-4.04170423353688
HKGAIIGLMVGGVVL,-2.43634333061853
IKGAIIGLMVGGVVL,-2.38249539608089
SKGAIIGLMVGGVVL,-4.58825124853967
YKGAIIGLMVGGVVL,-1.45893951589399
NEGAIIGLMVGGVVL,-3.88453946140591
NIGAIIGLMVGGVVL,-3.73098757965949
NNGAIIGLMVGGVVL,-2.93308891056689
NQGAIIGLMVGGVVL,-3.40202139346149
NRGAIIGLMVGGVVL,-1.74258906295863
NTGAIIGLMVGGVVL,-3.99151211103634
NKCAIIGLMVGGVVL,-2.84877122923811
NKDAIIGLMVGGVVL,-3.63094397383092
NKSAIIGLMVGGVVL,-4.16959611332039
NKVAIIGLMVGGVVL,-2.09714100204683
NKGEIIGLMVGGVVL,-4.56101983590945
NKGGIIGLMVGGVVL,-2.20800446875939
NKGPIIGLMVGGVVL,-2.36771958346993
NKGSIIGLMVGGVVL,-4.92906484820239
NKGTIIGLMVGGVVL,-0.130128484007746
NKGVIIGLMVGGVVL,0.62696945559798
NKGAFIGLMVGGVVL,-4.26183473886134
NKGALIGLMVGGVVL,-4.57405378042234
NKGAMIGLMVGGVVL,-4.87175929975187
NKGANIGLMVGGVVL,-3.86561434392341
NKGATIGLMVGGVVL,-2.44371967903945
NKGAVIGLMVGGVVL,-2.98573366808829
NKGAIFGLMVGGVVL,-3.3031532633247
NKGAIMGLMVGGVVL,-5.02260247466682
NKGAINGLMVGGVVL,-4.09276416982685
NKGAITGLMVGGVVL,-4.0848370418047
NKGAIVGLMVGGVVL,-3.85559468958199
NKGAIIELMVGGVVL,-4.78231102763491
NKGAIIRLMVGGVVL,-3.91755440404649
NKGAIIGFMVGGVVL,-2.67616795766688
NKGAIIGHMVGGVVL,-4.70778994648168
NKGAIIGIMVGGVVL,-0.26984168635776
NKGAIIGPMVGGVVL,-3.88244783159851
NKGAIIGVMVGGVVL,-1.86350460292939
NKGAIIGLIVGGVVL,-3.74381029150241
NKGAIIGLKVGGVVL,-4.64774424319441
NKGAIIGLLVGGVVL,-4.4296985182663
NKGAIIGLTVGGVVL,-5.45648875588197
NKGAIIGLVVGGVVL,-2.72155955794542
NKGAIIGLMAGGVVL,-4.62747294958394
NKGAIIGLMEGGVVL,-3.56597281196409
NKGAIIGLMLGGVVL,-1.05562351267621
NKGAIIGLMMGGVVL,-1.94727552324222
NKGAIIGLMVAGVVL,-4.68129931077594
NKGAIIGLMVCGVVL,-1.65448836068344
NKGAIIGLMVDGVVL,-1.71766525026308
NKGAIIGLMVRGVVL,-4.79341660889664
NKGAIIGLMVSGVVL,-4.80845448626118
NKGAIIGLMVVGVVL,-3.85106279705764
NKGAIIGLMVGCVVL,-2.04094175077884
NKGAIIGLMVGDVVL,-2.99116053888995
NKGAIIGLMVGSVVL,-2.65272536541362
NKGAIIGLMVGVVVL,-5.13664821016175
NKGAIIGLMVGGAVL,-3.21405784812619
NKGAIIGLMVGGDVL,-4.4958034951202
NKGAIIGLMVGGIVL,-1.66155413411061
NKGAIIGLMVGGVAL,-4.43049792788301
NKGAIIGLMVGGVDL,-4.83614862768135
NKGAIIGLMVGGVIL,-4.38558816021528
NKGAIIGLMVGGVLL,-4.56192306111496
DKGAIIGLMVGGVVM,-4.11099808854708
IKGAIIGLMVGGVVM,-1.62134331054368
SKGAIIGLMVGGVVM,-4.39605480531591
YKGAIIGLMVGGVVM,-0.807851553306891
NEGAIIGLMVGGVVM,-3.97884548605411
NIGAIIGLMVGGVVM,-3.6993025610709
NNGAIIGLMVGGVVM,-2.47386388897523
NRGAIIGLMVGGVVM,-2.6645389190288
NKCAIIGLMVGGVVM,-1.35992801437484
NKDAIIGLMVGGVVM,-4.64629697570836
NKSAIIGLMVGGVVM,-3.76039895220872
NKGEIIGLMVGGVVM,-4.87098000844893
NKGGIIGLMVGGVVM,-4.29264132098416
NKGTIIGLMVGGVVM,-0.784658961180906
NKGVIIGLMVGGVVM,0.0884639130191394
NKGAFIGLMVGGVVM,-3.48299700198841
NKGANIGLMVGGVVM,-4.52413293655812
NKGATIGLMVGGVVM,-2.99711532592142
NKGAVIGLMVGGVVM,-3.58760673865149
NKGAIFGLMVGGVVM,-4.25039789461531
NKGAINGLMVGGVVM,-5.38185380057172
NKGAITGLMVGGVVM,-3.7338064780318
NKGAIVGLMVGGVVM,-3.8012698074984
NKGAIIELMVGGVVM,-4.49758466938111
NKGAIIRLMVGGVVM,-5.21888238371148
NKGAIIGFMVGGVVM,-4.01631854261801
NKGAIIGHMVGGVVM,-4.88192144734488
NKGAIIGIMVGGVVM,-0.260793921615498
NKGAIIGPMVGGVVM,-3.85219649397996
NKGAIIGRMVGGVVM,-4.26679375625337
NKGAIIGVMVGGVVM,-3.03710342197756
NKGAIIGLIVGGVVM,-3.70763116127635
NKGAIIGLKVGGVVM,-5.27277652496859
NKGAIIGLLVGGVVM,-3.3365046805628
NKGAIIGLTVGGVVM,-5.27563718259986
NKGAIIGLVVGGVVM,-3.67312663664583
NKGAIIGLMAGGVVM,-3.48807610996249
NKGAIIGLMEGGVVM,-4.25452713866877
NKGAIIGLMMGGVVM,-2.98102417484241
NKGAIIGLMVCGVVM,-2.85233530108219
NKGAIIGLMVDGVVM,-4.7300353284824
NKGAIIGLMVSGVVM,-3.64604243228199
NKGAIIGLMVGAVVM,-4.51578487229837
NKGAIIGLMVGCVVM,-2.40929596615297
NKGAIIGLMVGDVVM,-4.79626861687992
NKGAIIGLMVGSVVM,-3.60055842889318
NKGAIIGLMVGGAVM,-5.85603529491685
NKGAIIGLMVGGDVM,-5.43194300826564
NKGAIIGLMVGGIVM,-1.86867578377254
NKGAIIGLMVGGVAM,-4.10508705664843
NKGAIIGLMVGGVDM,-4.14099557406734
NKGAIIGLMVGGVIM,-3.26411575199896
NRGAIIGLMVGGVVR,-3.37060037651974
NKGAVIGLMVGGVVR,-3.79633385944756
DKGAIIGLMVGGVVT,-4.87999517651361
IKGAIIGLMVGGVVT,-3.45220559694068
SKGAIIGLMVGGVVT,-5.14806864307323
YKGAIIGLMVGGVVT,-2.12995891849316
NEGAIIGLMVGGVVT,-4.55043260518455
NIGAIIGLMVGGVVT,-3.4431909512192
NNGAIIGLMVGGVVT,-4.49702034450075
NRGAIIGLMVGGVVT,-4.36613194678282
NKCAIIGLMVGGVVT,-4.44840798059844
NKDAIIGLMVGGVVT,-5.23849085509985
NKGGIIGLMVGGVVT,-4.84721977966615
NKGSIIGLMVGGVVT,-2.83854592833475
NKGTIIGLMVGGVVT,-3.28699430048187
NKGVIIGLMVGGVVT,-1.11026865963788
NKGAFIGLMVGGVVT,-4.02850634798823
NKGATIGLMVGGVVT,-5.16811005833805
NKGAVIGLMVGGVVT,-4.91436417419563
NKGAIFGLMVGGVVT,-3.7396653933892
NKGAINGLMVGGVVT,-3.51066292671759
NKGAITGLMVGGVVT,-4.50131104905776
NKGAIVGLMVGGVVT,-5.67012656165737
NKGAIIELMVGGVVT,-5.42404343247525
NKGAIIRLMVGGVVT,-5.22420156960359
NKGAIIVLMVGGVVT,-3.98815213021599
NKGAIIGFMVGGVVT,-3.93436177416324
NKGAIIGHMVGGVVT,-5.58814435299491
NKGAIIGIMVGGVVT,-2.7870002022317
NKGAIIGPMVGGVVT,-4.48015769465521
NKGAIIGLIVGGVVT,-3.63474899593175
NKGAIIGLKVGGVVT,-5.01637045864248
NKGAIIGLLVGGVVT,-5.499365450736
NKGAIIGLTVGGVVT,-4.95410844040793
NKGAIIGLVVGGVVT,-4.67423379010387
NKGAIIGLMAGGVVT,-1.99206364382653
NKGAIIGLMEGGVVT,-3.8341766363542
NKGAIIGLMGGGVVT,-4.68129931077594
NKGAIIGLMLGGVVT,-3.1520871439785
NKGAIIGLMMGGVVT,-3.90764580866063
NKGAIIGLMVCGVVT,-3.8274196630406
NKGAIIGLMVDGVVT,-5.06034959228552
NKGAIIGLMVRGVVT,-4.82326957204632
NKGAIIGLMVSGVVT,-4.68116507982847
NKGAIIGLMVVGVVT,-4.71709187739215
NKGAIIGLMVGCVVT,-3.54599514554799
NKGAIIGLMVGDVVT,-4.92015673758613
NKGAIIGLMVGSVVT,-4.66418931941255
NKGAIIGLMVGGAVT,-5.63223665446271
NKGAIIGLMVGGDVT,-4.05534748997817
NKGAIIGLMVGGIVT,-4.1437176542258
NKGAIIGLMVGGLVT,-4.01729571192901
NKGAIIGLMVGGVAT,-3.88060360654649
NKGAIIGLMVGGVDT,-3.43088000608972
NKGAIIGLMVGGVIT,-3.71345566237961
DKGAIIGLMVGGVVV,-5.03813843645373
HKGAIIGLMVGGVVV,-3.78181569721816
IKGAIIGLMVGGVVV,-1.46101878893085
SKGAIIGLMVGGVVV,-4.34884945598622
TKGAIIGLMVGGVVV,-4.08576228994317
YKGAIIGLMVGGVVV,-2.19441782420546
NEGAIIGLMVGGVVV,-3.91873839906032
NIGAIIGLMVGGVVV,-3.85836877287933
NNGAIIGLMVGGVVV,-3.59721957048953
NQGAIIGLMVGGVVV,-4.31357967139867
NRGAIIGLMVGGVVV,-2.93511846699188
NKCAIIGLMVGGVVV,-3.61974128769938
NKDAIIGLMVGGVVV,-3.82127351879364
NKSAIIGLMVGGVVV,-4.64649142218885
NKGEIIGLMVGGVVV,-3.97105769685669
NKGPIIGLMVGGVVV,-3.77229996190634
NKGSIIGLMVGGVVV,-2.19396841737643
NKGTIIGLMVGGVVV,-1.33803000329591
NKGVIIGLMVGGVVV,-0.327163776522989
NKGAFIGLMVGGVVV,-4.05515430101287
NKGAMIGLMVGGVVV,-4.47588173007259
NKGANIGLMVGGVVV,-3.62356070482352
NKGATIGLMVGGVVV,-2.22652586081609
NKGAVIGLMVGGVVV,-3.77674564306926
NKGAIFGLMVGGVVV,-4.84471420972482
NKGAINGLMVGGVVV,-5.6994144295335
NKGAITGLMVGGVVV,-2.24485041983918
NKGAIVGLMVGGVVV,-4.61087183489427
NKGAIIELMVGGVVV,-4.53795926953601
NKGAIIRLMVGGVVV,-4.46367684294573
NKGAIIVLMVGGVVV,-2.98228784993591
NKGAIIGFMVGGVVV,-3.50911064887098
NKGAIIGHMVGGVVV,-3.990900733043
NKGAIIGIMVGGVVV,-1.80967109130527
NKGAIIGPMVGGVVV,-4.56499116893221
NKGAIIGRMVGGVVV,-5.51856567283814
NKGAIIGVMVGGVVV,-3.02634044260495
NKGAIIGLIVGGVVV,-4.27829537780733
NKGAIIGLKVGGVVV,-5.11816470849676
NKGAIIGLLVGGVVV,-2.72786124116186
NKGAIIGLTVGGVVV,-5.87148934261441
NKGAIIGLVVGGVVV,-4.20144919139756
NKGAIIGLMAGGVVV,-3.49568797558314
NKGAIIGLMEGGVVV,-3.96862301858061
NKGAIIGLMGGGVVV,-3.93596637704542
NKGAIIGLMLGGVVV,-2.53455767801564
NKGAIIGLMMGGVVV,-2.57209318644905
NKGAIIGLMVCGVVV,-3.58887036392889
NKGAIIGLMVDGVVV,-4.46473178881304
NKGAIIGLMVSGVVV,-4.59530248913393
NKGAIIGLMVVGVVV,-5.21846864174713
NKGAIIGLMVGCVVV,-3.99157504209473
NKGAIIGLMVGDVVV,-4.08870099323512
NKGAIIGLMVGRVVV,-5.11702884058262
NKGAIIGLMVGSVVV,-1.71727114111341
NKGAIIGLMVGVVVV,-4.77814913676586
NKGAIIGLMVGGAVV,-2.68662256394945
NKGAIIGLMVGGDVV,-2.28959448437065
NKGAIIGLMVGGGVV,-5.34869399523347
NKGAIIGLMVGGIVV,-3.42534107357461
NKGAIIGLMVGGLVV,-3.66451019725114
NKGAIIGLMVGGVAV,-3.86752230653803
NKGAIIGLMVGGVDV,-3.80373526089261
NKGAIIGLMVGGVGV,-5.12555044391926
NKGAIIGLMVGGVIV,-4.75480177276887
NKGAIIGLMVGGVLV,-4.68590377843864
